District,State/UT,Population Age 15+ (%),Population Age 45+ (%),Women Overweight or Obese (%) [BMI>=25.0],Men Overweight or Obese (%) [BMI>=25.0],Women Underweight (%) [BMI<18.5],Men Underweight (%) [BMI<18.5],Women Hypertensive (%) [SBP>=140 mmHg OR DBP>=90mmHg],Men Hypertensive (%) [SBP>=140 mmHg OR DBP>=90mmHg],Women High Glucose [BG>140mg/dl OR medicated],Men High Glucose [BG>140mg/dl OR medicated],Women Substantially Increased Risk of Metabolic Complications (%) [waist>88cm],Men Substantially Increased Risk of Metabolic Complications (%) [waist>102cm],TB Prevalence (%),Population in Highest Wealth Quintile (%),Households with Health Insurance / Financing Scheme Coverage (%)
Nicobars,Andaman & Nicobar Islands,75.28,19.42,38.1,45.3,9.4,4,35.4,47,17.5,17.9,30.7,6.4,0.221,18,2.7
North & Middle Andaman ,Andaman & Nicobar Islands,78.29,22.37,38.1,45.3,9.4,4,27.4,32.2,17.5,17.9,30.7,6.4,0.221,18,2.1
South Andaman ,Andaman & Nicobar Islands,82.88,27.18,38.1,45.3,9.4,4,23,26.9,17.5,17.9,30.7,6.4,0.221,18,1.2
Srikakulam ,Andhra Pradesh,78.28,29.98,36.3,31.1,14.8,16.5,22.1,22.9,19.5,21.8,28.4,5.7,0.239,15.6,75.6
Vizianagaram ,Andhra Pradesh,77.29,29.83,36.3,31.1,14.8,16.5,25.2,25.1,19.5,21.8,28.4,5.7,0.239,15.6,76.7
Visakhapatnam ,Andhra Pradesh,81.18,29.35,36.3,31.1,14.8,16.5,23.9,29.2,19.5,21.8,28.4,5.7,0.239,15.6,64.9
East Godavari ,Andhra Pradesh,78.34,31.25,36.3,31.1,14.8,16.5,29,32.2,19.5,21.8,28.4,5.7,0.239,15.6,66.4
West Godavari ,Andhra Pradesh,78.43,31.96,36.3,31.1,14.8,16.5,28.8,31.4,19.5,21.8,28.4,5.7,0.239,15.6,67.6
Krishna ,Andhra Pradesh,79.52,30.29,36.3,31.1,14.8,16.5,24,28.5,19.5,21.8,28.4,5.7,0.239,15.6,68.1
Guntur ,Andhra Pradesh,78.26,29.13,36.3,31.1,14.8,16.5,25.8,31.3,19.5,21.8,28.4,5.7,0.239,15.6,71.1
Prakasam ,Andhra Pradesh,76.54,29.1,36.3,31.1,14.8,16.5,27.8,33,19.5,21.8,28.4,5.7,0.239,15.6,67.6
Sri Potti Sriramulu Nello ,Andhra Pradesh,77.58,29.07,36.3,31.1,14.8,16.5,23,25.1,19.5,21.8,28.4,5.7,0.239,15.6,72.3
Y.S.R. ,Andhra Pradesh,76.35,28.61,36.3,31.1,14.8,16.5,23.2,27.3,19.5,21.8,28.4,5.7,0.239,15.6,73.3
Kurnool ,Andhra Pradesh,74.77,26.78,36.3,31.1,14.8,16.5,27,31.8,19.5,21.8,28.4,5.7,0.239,15.6,73.3
Anantapur ,Andhra Pradesh,76.62,28.43,36.3,31.1,14.8,16.5,23.4,26.7,19.5,21.8,28.4,5.7,0.239,15.6,73.2
Chittoor ,Andhra Pradesh,77.1,28.84,36.3,31.1,14.8,16.5,22.7,27.1,19.5,21.8,28.4,5.7,0.239,15.6,70.7
Tawang ,Arunachal Pradesh,78.91,19.11,23.9,27.6,5.7,4.9,30.3,36.4,8.4,11.9,19.1,2.4,0.495,4.9,33.5
West Kameng ,Arunachal Pradesh,75.98,20.08,23.9,27.6,5.7,4.9,19.8,30.7,8.4,11.9,19.1,2.4,0.495,4.9,38.3
East Kameng ,Arunachal Pradesh,71.21,16.59,23.9,27.6,5.7,4.9,19.5,29,8.4,11.9,19.1,2.4,0.495,4.9,25.1
Papum Pare ,Arunachal Pradesh,77.3,17.43,23.9,27.6,5.7,4.9,20.6,32.7,8.4,11.9,19.1,2.4,0.495,4.9,26.9
Upper Subansiri ,Arunachal Pradesh,70.52,17.06,23.9,27.6,5.7,4.9,25.4,37.5,8.4,11.9,19.1,2.4,0.495,4.9,21.5
Upper Siang ,Arunachal Pradesh,73.06,21.09,23.9,27.6,5.7,4.9,26.1,31.7,8.4,11.9,19.1,2.4,0.495,4.9,34.6
Changlang ,Arunachal Pradesh,72.76,18,23.9,27.6,5.7,4.9,22.8,27.5,8.4,11.9,19.1,2.4,0.495,4.9,40.5
Lower Subansiri ,Arunachal Pradesh,72.93,17.2,23.9,27.6,5.7,4.9,25.7,36.6,8.4,11.9,19.1,2.4,0.495,4.9,24.5
Dibang Valley ,Arunachal Pradesh,75.14,24.16,23.9,27.6,5.7,4.9,32.2,45.4,8.4,11.9,19.1,2.4,0.495,4.9,28.7
Lower Dibang Valley ,Arunachal Pradesh,73.71,18.99,23.9,27.6,5.7,4.9,25.6,38.1,8.4,11.9,19.1,2.4,0.495,4.9,36.8
Anjaw ,Arunachal Pradesh,71.27,17.47,23.9,27.6,5.7,4.9,31.1,42.6,8.4,11.9,19.1,2.4,0.495,4.9,17.5
East Siang ,Arunachal Pradesh,74.22,19.34,23.9,27.6,5.7,4.9,29.7,38.1,8.4,11.9,19.1,2.4,0.495,4.9,30.5
Kra Daadi ,Arunachal Pradesh,68.21,14.32,23.9,27.6,5.7,4.9,19.4,26.1,8.4,11.9,19.1,2.4,0.495,4.9,24
Kurung Kumey ,Arunachal Pradesh,67.89,14.65,23.9,27.6,5.7,4.9,19.2,26,8.4,11.9,19.1,2.4,0.495,4.9,13.4
Lohit ,Arunachal Pradesh,73.29,18.66,23.9,27.6,5.7,4.9,22.1,26.6,8.4,11.9,19.1,2.4,0.495,4.9,31.9
Longding ,Arunachal Pradesh,67.57,14.77,23.9,27.6,5.7,4.9,20.5,31.1,8.4,11.9,19.1,2.4,0.495,4.9,23.8
Namsai ,Arunachal Pradesh,73.68,18.42,23.9,27.6,5.7,4.9,27.1,28.1,8.4,11.9,19.1,2.4,0.495,4.9,30.9
Siang ,Arunachal Pradesh,72.11,18.98,23.9,27.6,5.7,4.9,24.4,31.5,8.4,11.9,19.1,2.4,0.495,4.9,26.1
Tirap ,Arunachal Pradesh,69.54,16.32,23.9,27.6,5.7,4.9,25.2,31.6,8.4,11.9,19.1,2.4,0.495,4.9,30.8
West Siang ,Arunachal Pradesh,72.63,18.73,23.9,27.6,5.7,4.9,32.7,41.1,8.4,11.9,19.1,2.4,0.495,4.9,26.6
Kokrajhar ,Assam,69.36,19.3,15.2,16.2,5.7,4.9,17.8,19.4,8.4,11.9,19.1,2.4,0.495,4.9,50.2
Goalpara ,Assam,69.96,19.78,15.2,16.2,17.7,13.4,16.8,17.9,12.8,16,12.2,1.5,0.311,9.6,71.1
Barpeta ,Assam,68.73,19,15.2,16.2,17.7,13.4,17.9,16.7,12.8,16,12.2,1.5,0.311,9.6,58.9
Morigaon ,Assam,70.21,19.53,15.2,16.2,17.7,13.4,20.1,20.5,12.8,16,12.2,1.5,0.311,9.6,62.5
Lakhimpur ,Assam,72.17,21.43,15.2,16.2,17.7,13.4,20.8,25,12.8,16,12.2,1.5,0.311,9.6,67
Dhemaji ,Assam,71.55,20.89,15.2,16.2,17.7,13.4,16,24.1,12.8,16,12.2,1.5,0.311,9.6,66.8
Tinsukia ,Assam,75.05,23.36,15.2,16.2,17.7,13.4,17.1,19.3,12.8,16,12.2,1.5,0.311,9.6,60
Dibrugarh ,Assam,75.92,25.07,15.2,16.2,17.7,13.4,18.1,21.4,12.8,16,12.2,1.5,0.311,9.6,58.8
Golaghat ,Assam,73.96,23.23,15.2,16.2,17.7,13.4,20.5,22,12.8,16,12.2,1.5,0.311,9.6,69.3
Dima Hasao ,Assam,74.79,22.18,15.2,16.2,17.7,13.4,17.1,23.5,12.8,16,12.2,1.5,0.311,9.6,61.9
Cachar ,Assam,73.73,21.9,15.2,16.2,17.7,13.4,17,15.4,12.8,16,12.2,1.5,0.311,9.6,57.9
Karimganj ,Assam,72.23,20.91,15.2,16.2,17.7,13.4,16.5,17.2,12.8,16,12.2,1.5,0.311,9.6,64.4
Hailakandi ,Assam,71.21,19.76,15.2,16.2,17.7,13.4,21.8,24.4,12.8,16,12.2,1.5,0.311,9.6,53.6
Bongaigaon ,Assam,72.92,21.39,15.2,16.2,17.7,13.4,13.6,15.9,12.8,16,12.2,1.5,0.311,9.6,57.6
Chirang ,Assam,69.21,18.89,15.2,16.2,17.7,13.4,20.8,25.6,12.8,16,12.2,1.5,0.311,9.6,61.5
Kamrup ,Assam,75.25,22.42,15.2,16.2,17.7,13.4,22.2,19.2,12.8,16,12.2,1.5,0.311,9.6,47
Kamrup Metropolitan ,Assam,81.18,25.26,15.2,16.2,17.7,13.4,17,20.3,12.8,16,12.2,1.5,0.311,9.6,45.5
Nalbari ,Assam,73.34,22.75,15.2,16.2,17.7,13.4,22.5,24.9,12.8,16,12.2,1.5,0.311,9.6,52.5
Baksa ,Assam,69.83,19.57,15.2,16.2,17.7,13.4,24.5,25,12.8,16,12.2,1.5,0.311,9.6,69
Darrang ,Assam,69.82,19.29,15.2,16.2,17.7,13.4,16.7,14.5,12.8,16,12.2,1.5,0.311,9.6,53.7
Udalguri ,Assam,70.19,19.46,15.2,16.2,17.7,13.4,19.7,22.6,12.8,16,12.2,1.5,0.311,9.6,70.6
Biswanath ,Assam,73.01,22.25,15.2,16.2,17.7,13.4,23.5,28.4,12.8,16,12.2,1.5,0.311,9.6,68.4
Charaideo ,Assam,75.39,24.31,15.2,16.2,17.7,13.4,18.2,17.9,12.8,16,12.2,1.5,0.311,9.6,64.9
Dhubri ,Assam,67.43,18.17,15.2,16.2,17.7,13.4,18.2,19,12.8,16,12.2,1.5,0.311,9.6,59.4
Hojai ,Assam,71.18,19.86,15.2,16.2,17.7,13.4,21,25.2,12.8,16,12.2,1.5,0.311,9.6,67.4
Jorhat ,Assam,77.78,26.79,15.2,16.2,17.7,13.4,25.9,26.3,12.8,16,12.2,1.5,0.311,9.6,60.1
Karbi Anglong ,Assam,72.48,19.64,15.2,16.2,17.7,13.4,20.1,22.8,12.8,16,12.2,1.5,0.311,9.6,54.1
Majuli ,Assam,74.87,25.04,15.2,16.2,17.7,13.4,19.7,23.3,12.8,16,12.2,1.5,0.311,9.6,60.8
Nagaon ,Assam,71.29,20.13,15.2,16.2,17.7,13.4,16.4,17,12.8,16,12.2,1.5,0.311,9.6,59.4
Sivasagar ,Assam,76.62,25.75,15.2,16.2,17.7,13.4,22,26,12.8,16,12.2,1.5,0.311,9.6,60.7
Sonitpur ,Assam,72.91,21.73,15.2,16.2,17.7,13.4,24.8,24.5,12.8,16,12.2,1.5,0.311,9.6,66.9
South Salmara Mancachar ,Assam,66.89,17.78,15.2,16.2,17.7,13.4,15.5,16.5,12.8,16,12.2,1.5,0.311,9.6,68.2
West Karbi Anglong ,Assam,71.69,18.86,15.2,16.2,17.7,13.4,17,22.2,12.8,16,12.2,1.5,0.311,9.6,63.1
Pashchim Champaran ,Bihar,69.57,19.16,16,14.7,17.7,13.4,18.1,22.6,12.8,16,12.2,1.5,0.311,9.6,20
Purba Champaran ,Bihar,69.3,18.89,16,14.7,25.6,21.6,16.2,23.6,12.7,16.2,13.8,2.6,0.45,5.4,19.4
Sheohar ,Bihar,68.53,18.71,16,14.7,25.6,21.6,15.5,20.8,12.7,16.2,13.8,2.6,0.45,5.4,18.1
Sitamarhi ,Bihar,68.54,18.42,16,14.7,25.6,21.6,17.8,17.9,12.7,16.2,13.8,2.6,0.45,5.4,20.7
Madhubani ,Bihar,69.37,19.62,16,14.7,25.6,21.6,18.2,23.4,12.7,16.2,13.8,2.6,0.45,5.4,19.2
Supaul ,Bihar,68.96,18.86,16,14.7,25.6,21.6,11.6,14.1,12.7,16.2,13.8,2.6,0.45,5.4,14.2
Araria ,Bihar,68.2,18.24,16,14.7,25.6,21.6,12.1,15.8,12.7,16.2,13.8,2.6,0.45,5.4,19.5
Kishanganj ,Bihar,67.24,17.47,16,14.7,25.6,21.6,17.4,22.7,12.7,16.2,13.8,2.6,0.45,5.4,8.1
Purnia ,Bihar,69.85,19.18,16,14.7,25.6,21.6,18.7,22.5,12.7,16.2,13.8,2.6,0.45,5.4,10.2
Katihar ,Bihar,69.75,19.12,16,14.7,25.6,21.6,17,17.8,12.7,16.2,13.8,2.6,0.45,5.4,8.4
Madhepura ,Bihar,69.3,18.73,16,14.7,25.6,21.6,10.4,14.5,12.7,16.2,13.8,2.6,0.45,5.4,9.5
Saharsa ,Bihar,69.96,19.23,16,14.7,25.6,21.6,14.9,15.5,12.7,16.2,13.8,2.6,0.45,5.4,12.8
Darbhanga ,Bihar,70.11,19.71,16,14.7,25.6,21.6,17.5,23.5,12.7,16.2,13.8,2.6,0.45,5.4,25.3
Muzaffarpur ,Bihar,70.99,19.89,16,14.7,25.6,21.6,18.1,24,12.7,16.2,13.8,2.6,0.45,5.4,13.2
Gopalganj ,Bihar,72.78,21.43,16,14.7,25.6,21.6,20.3,22.8,12.7,16.2,13.8,2.6,0.45,5.4,12.7
Siwan ,Bihar,71.95,20.8,16,14.7,25.6,21.6,19.6,29.6,12.7,16.2,13.8,2.6,0.45,5.4,8.2
Saran ,Bihar,71.59,20.44,16,14.7,25.6,21.6,16.7,19.3,12.7,16.2,13.8,2.6,0.45,5.4,9.4
Vaishali ,Bihar,71.59,20.18,16,14.7,25.6,21.6,17.4,19.6,12.7,16.2,13.8,2.6,0.45,5.4,13.5
Samastipur ,Bihar,70.83,19.98,16,14.7,25.6,21.6,15.8,16.4,12.7,16.2,13.8,2.6,0.45,5.4,19
Begusarai ,Bihar,72.07,20.61,16,14.7,25.6,21.6,13.9,17,12.7,16.2,13.8,2.6,0.45,5.4,13.2
Khagaria ,Bihar,69.69,19.01,16,14.7,25.6,21.6,13,16.1,12.7,16.2,13.8,2.6,0.45,5.4,15.6
Bhagalpur ,Bihar,72.23,20.67,16,14.7,25.6,21.6,13.3,14.7,12.7,16.2,13.8,2.6,0.45,5.4,16.3
Banka ,Bihar,69.24,18.99,16,14.7,25.6,21.6,17.4,18.8,12.7,16.2,13.8,2.6,0.45,5.4,13.6
Munger ,Bihar,72.63,21.2,16,14.7,25.6,21.6,16.1,18.3,12.7,16.2,13.8,2.6,0.45,5.4,15.2
Lakhisarai ,Bihar,71.57,20.24,16,14.7,25.6,21.6,12.3,13.8,12.7,16.2,13.8,2.6,0.45,5.4,15.1
Sheikhpura ,Bihar,72.27,20.76,16,14.7,25.6,21.6,16.3,16.1,12.7,16.2,13.8,2.6,0.45,5.4,9.7
Nalanda ,Bihar,72.39,21.14,16,14.7,25.6,21.6,13.4,14,12.7,16.2,13.8,2.6,0.45,5.4,12.8
Patna ,Bihar,74.45,21.99,16,14.7,25.6,21.6,16.1,14.8,12.7,16.2,13.8,2.6,0.45,5.4,10.2
Bhojpur ,Bihar,72.16,20.65,16,14.7,25.6,21.6,13.9,14.5,12.7,16.2,13.8,2.6,0.45,5.4,9.6
Buxar ,Bihar,71.49,20.21,16,14.7,25.6,21.6,13.9,10.5,12.7,16.2,13.8,2.6,0.45,5.4,11.4
Kaimur (Bhabua) ,Bihar,70.99,20.14,16,14.7,25.6,21.6,12.3,15,12.7,16.2,13.8,2.6,0.45,5.4,18.1
Rohtas ,Bihar,71.86,20.78,16,14.7,25.6,21.6,15.2,16,12.7,16.2,13.8,2.6,0.45,5.4,17.2
Aurangabad ,Bihar,71.43,20.59,16,14.7,25.6,21.6,16.2,15.3,12.7,16.2,13.8,2.6,0.45,5.4,15.4
Gaya ,Bihar,71.05,20.41,16,14.7,25.6,21.6,16.6,18.8,12.7,16.2,13.8,2.6,0.45,5.4,9.7
Nawada ,Bihar,70.57,19.89,16,14.7,25.6,21.6,14.5,18.5,12.7,16.2,13.8,2.6,0.45,5.4,8.1
Jamui ,Bihar,69.72,19.25,16,14.7,25.6,21.6,12.6,14.8,12.7,16.2,13.8,2.6,0.45,5.4,14.3
Jehanabad ,Bihar,72.13,20.66,16,14.7,25.6,21.6,13.4,12,12.7,16.2,13.8,2.6,0.45,5.4,13.2
Arwal ,Bihar,70.93,19.86,16,14.7,25.6,21.6,12.9,14,12.7,16.2,13.8,2.6,0.45,5.4,15.6
Chandigarh,Chandigarh,81.42,26.47,44,34.4,25.6,21.6,25,30.6,12.7,16.2,13.8,2.6,0.45,5.4,32.2
Koriya ,Chhattisgarh,73.19,21.32,14.1,15.6,13,15.1,25.7,30.9,19,16.6,35.1,4.4,0.024,79.4,62.8
Jashpur ,Chhattisgarh,72.39,21.26,14.1,15.6,23.1,17.4,28.5,34.4,9,10.8,11.6,1.4,0.113,11.7,80.6
Raigarh ,Chhattisgarh,74.96,22.84,14.1,15.6,23.1,17.4,26.1,31.9,9,10.8,11.6,1.4,0.113,11.7,66.3
Korba ,Chhattisgarh,73.74,21.26,14.1,15.6,23.1,17.4,23.9,32.7,9,10.8,11.6,1.4,0.113,11.7,60.6
Janjgir - Champa ,Chhattisgarh,75.03,23.36,14.1,15.6,23.1,17.4,21.6,28.3,9,10.8,11.6,1.4,0.113,11.7,74
Kabeerdham ,Chhattisgarh,72.93,20.55,14.1,15.6,23.1,17.4,24,26.5,9,10.8,11.6,1.4,0.113,11.7,72.1
Rajnandgaon ,Chhattisgarh,74.22,21.84,14.1,15.6,23.1,17.4,27.7,28.3,9,10.8,11.6,1.4,0.113,11.7,80.8
Mahasamund ,Chhattisgarh,74.28,22.42,14.1,15.6,23.1,17.4,17.9,21.4,9,10.8,11.6,1.4,0.113,11.7,76.2
Dhamtari ,Chhattisgarh,74.77,22.95,14.1,15.6,23.1,17.4,21,24.9,9,10.8,11.6,1.4,0.113,11.7,86.8
Uttar Bastar Kanker ,Chhattisgarh,72.96,20.83,14.1,15.6,23.1,17.4,27,30.2,9,10.8,11.6,1.4,0.113,11.7,84.8
Narayanpur ,Chhattisgarh,69.92,18.23,14.1,15.6,23.1,17.4,18.8,21.1,9,10.8,11.6,1.4,0.113,11.7,83.1
Bijapur ,Chhattisgarh,68.41,17.47,14.1,15.6,23.1,17.4,15,21.6,9,10.8,11.6,1.4,0.113,11.7,73.5
Balod ,Chhattisgarh,75.69,22.89,14.1,15.6,23.1,17.4,25.1,27.7,9,10.8,11.6,1.4,0.113,11.7,79.5
Baloda Bazar ,Chhattisgarh,74.95,22.61,14.1,15.6,23.1,17.4,22.6,27.9,9,10.8,11.6,1.4,0.113,11.7,66.1
Balrampur ,Chhattisgarh,71.18,19.34,14.1,15.6,23.1,17.4,25.2,31.2,9,10.8,11.6,1.4,0.113,11.7,62.3
Bastar ,Chhattisgarh,71.53,19.46,14.1,15.6,23.1,17.4,23.7,24.1,9,10.8,11.6,1.4,0.113,11.7,69.3
Bemetara ,Chhattisgarh,74.29,21.38,14.1,15.6,23.1,17.4,26.9,27.6,9,10.8,11.6,1.4,0.113,11.7,63.4
Bilaspur ,Chhattisgarh,75.98,23.38,14.1,15.6,23.1,17.4,24.4,28.6,9,10.8,11.6,1.4,0.113,11.7,60.4
Dantewada ,Chhattisgarh,69.87,18.73,14.1,15.6,23.1,17.4,19.1,23.7,9,10.8,11.6,1.4,0.113,11.7,82.2
Durg ,Chhattisgarh,77.78,24.08,14.1,15.6,23.1,17.4,22.6,26.5,9,10.8,11.6,1.4,0.113,11.7,67
Gariyaband ,Chhattisgarh,73.34,21.19,14.1,15.6,23.1,17.4,22.6,25.6,9,10.8,11.6,1.4,0.113,11.7,79.8
Kodagaon ,Chhattisgarh,72.07,19.53,14.1,15.6,23.1,17.4,21.2,21.6,9,10.8,11.6,1.4,0.113,11.7,80.6
Mungeli ,Chhattisgarh,73.72,21.31,14.1,15.6,23.1,17.4,26.2,29.2,9,10.8,11.6,1.4,0.113,11.7,68
Raipur ,Chhattisgarh,77.01,23.16,14.1,15.6,23.1,17.4,17.7,20.6,9,10.8,11.6,1.4,0.113,11.7,76.9
Sukma ,Chhattisgarh,67.62,16.59,14.1,15.6,23.1,17.4,14.5,18.1,9,10.8,11.6,1.4,0.113,11.7,78.1
Surajpur ,Chhattisgarh,72.58,20.37,14.1,15.6,23.1,17.4,25,30.9,9,10.8,11.6,1.4,0.113,11.7,75.7
Surguja ,Chhattisgarh,72.34,20.25,14.1,15.6,23.1,17.4,28.5,37.5,9,10.8,11.6,1.4,0.113,11.7,65.1
Diu ,Dadra and Nagar Haveli & Daman and Diu,81.43,25.96,12.3,21.4,23.1,17.4,18.1,17.7,9,10.8,11.6,1.4,0.113,11.7,64
Daman ,Dadra and Nagar Haveli & Daman and Diu,83.84,24.47,12.3,21.4,25.1,18.2,18.4,19.9,13.6,16.4,14.5,2.2,0.123,17.3,32.9
Dadra & Nagar Haveli ,Dadra and Nagar Haveli & Daman and Diu,76.43,18.32,12.3,21.4,25.1,18.2,13.3,13.5,13.6,16.4,14.5,2.2,0.123,17.3,58.8
North Goa ,Goa,82.35,29.98,36.1,32.6,25.1,18.2,27.3,28.3,13.6,16.4,14.5,2.2,0.123,17.3,64.8
South Goa ,Goa,81.89,30.34,36.1,32.6,13.8,12.5,27.7,25,20.8,24.1,23.1,4.2,0.329,61.3,67.7
Kachchh ,Gujarat,74.88,23.59,22.7,20.2,13.8,12.5,19.1,18.2,20.8,24.1,23.1,4.2,0.329,61.3,34.3
Banas Kantha ,Gujarat,72.67,21.13,22.7,20.2,25.2,20.9,14.3,15.7,15.8,16.9,15.6,4.3,0.215,24.7,41
Patan ,Gujarat,74.52,22.99,22.7,20.2,25.2,20.9,16.3,16.3,15.8,16.9,15.6,4.3,0.215,24.7,50.2
Mahesana ,Gujarat,76.71,24.68,22.7,20.2,25.2,20.9,22.6,27,15.8,16.9,15.6,4.3,0.215,24.7,40.7
Gandhinagar ,Gujarat,78.29,24.96,22.7,20.2,25.2,20.9,23.9,29.3,15.8,16.9,15.6,4.3,0.215,24.7,29.7
Porbandar ,Gujarat,77.63,26.54,22.7,20.2,25.2,20.9,15.8,16.2,15.8,16.9,15.6,4.3,0.215,24.7,42.1
Amreli ,Gujarat,76.13,25.32,22.7,20.2,25.2,20.9,18,11.5,15.8,16.9,15.6,4.3,0.215,24.7,47.7
Anand ,Gujarat,76.84,24.49,22.7,20.2,25.2,20.9,26.6,26.9,15.8,16.9,15.6,4.3,0.215,24.7,36.2
Dohad ,Gujarat,70.52,19.4,22.7,20.2,25.2,20.9,18.2,17.7,15.8,16.9,15.6,4.3,0.215,24.7,40.3
Narmada ,Gujarat,74.45,22.37,22.7,20.2,25.2,20.9,19.2,20.8,15.8,16.9,15.6,4.3,0.215,24.7,51.1
Bharuch ,Gujarat,76.73,23.27,22.7,20.2,25.2,20.9,23.7,24.9,15.8,16.9,15.6,4.3,0.215,24.7,37.4
The Dangs ,Gujarat,72.64,20.4,22.7,20.2,25.2,20.9,22.9,24.1,15.8,16.9,15.6,4.3,0.215,24.7,44.3
Navsari ,Gujarat,77.94,24.62,22.7,20.2,25.2,20.9,23.7,22.1,15.8,16.9,15.6,4.3,0.215,24.7,42
Valsad ,Gujarat,76.99,24.43,22.7,20.2,25.2,20.9,23.8,29.3,15.8,16.9,15.6,4.3,0.215,24.7,40.6
Surat ,Gujarat,77.83,22.75,22.7,20.2,25.2,20.9,23.4,22.6,15.8,16.9,15.6,4.3,0.215,24.7,31.6
Tapi ,Gujarat,73.23,21.21,22.7,20.2,25.2,20.9,25.2,28,15.8,16.9,15.6,4.3,0.215,24.7,42.3
Ahmadabad ,Gujarat,78.11,24.23,22.7,20.2,25.2,20.9,18.5,16.2,15.8,16.9,15.6,4.3,0.215,24.7,36.2
Aravali ,Gujarat,73.89,22.18,22.7,20.2,25.2,20.9,21,22,15.8,16.9,15.6,4.3,0.215,24.7,43.9
Bhavnagar ,Gujarat,76.62,25.32,22.7,20.2,25.2,20.9,20.1,18,15.8,16.9,15.6,4.3,0.215,24.7,32.2
Botad ,Gujarat,75.87,24.58,22.7,20.2,25.2,20.9,12.5,12,15.8,16.9,15.6,4.3,0.215,24.7,38
Chhota Udaipur ,Gujarat,69.86,18.89,22.7,20.2,25.2,20.9,19.4,17.5,15.8,16.9,15.6,4.3,0.215,24.7,40
Devbhumi Dwarka ,Gujarat,76.24,25.43,22.7,20.2,25.2,20.9,18.1,17.3,15.8,16.9,15.6,4.3,0.215,24.7,33.5
Gir Somnath ,Gujarat,75.46,24.87,22.7,20.2,25.2,20.9,14,12.3,15.8,16.9,15.6,4.3,0.215,24.7,46.6
Jamnagar ,Gujarat,77.16,25.79,22.7,20.2,25.2,20.9,18.1,15,15.8,16.9,15.6,4.3,0.215,24.7,38.6
Junagadh ,Gujarat,76.73,25.88,22.7,20.2,25.2,20.9,23.3,20.8,15.8,16.9,15.6,4.3,0.215,24.7,47.3
Kheda ,Gujarat,76.26,23.95,22.7,20.2,25.2,20.9,24,24.5,15.8,16.9,15.6,4.3,0.215,24.7,32.2
Mahisagar ,Gujarat,72.84,21.13,22.7,20.2,25.2,20.9,16.3,14.7,15.8,16.9,15.6,4.3,0.215,24.7,46
Morbi ,Gujarat,76.94,24.92,22.7,20.2,25.2,20.9,18.4,15.1,15.8,16.9,15.6,4.3,0.215,24.7,34.4
Panch Mahals ,Gujarat,72.88,21.13,22.7,20.2,25.2,20.9,22.5,27.6,15.8,16.9,15.6,4.3,0.215,24.7,34
Rajkot ,Gujarat,77.94,25.76,22.7,20.2,25.2,20.9,17.8,14.5,15.8,16.9,15.6,4.3,0.215,24.7,45.1
Sabar Kantha ,Gujarat,75.29,23.13,22.7,20.2,25.2,20.9,24,26.1,15.8,16.9,15.6,4.3,0.215,24.7,49.3
Surendranagar ,Gujarat,75.87,24.58,22.7,20.2,25.2,20.9,17.1,14.7,15.8,16.9,15.6,4.3,0.215,24.7,50.4
Vadodara ,Gujarat,77.58,24.48,22.7,20.2,25.2,20.9,24.3,23.8,15.8,16.9,15.6,4.3,0.215,24.7,41.7
Panchkula ,Haryana,78.36,24.24,33.1,28.3,25.2,20.9,24.3,26.2,15.8,16.9,15.6,4.3,0.215,24.7,19.9
Ambala ,Haryana,75.14,23.63,33.1,28.3,15.1,14.5,28.8,31.2,11.9,13.5,31.3,7.8,0.109,47.7,19
Yamunanagar ,Haryana,75.05,23.36,33.1,28.3,15.1,14.5,28.7,28.8,11.9,13.5,31.3,7.8,0.109,47.7,20.6
Kurukshetra ,Haryana,74.91,23.47,33.1,28.3,15.1,14.5,30.4,34.4,11.9,13.5,31.3,7.8,0.109,47.7,19.2
Kaithal ,Haryana,73.91,21.94,33.1,28.3,15.1,14.5,16.9,20.4,11.9,13.5,31.3,7.8,0.109,47.7,29.1
Karnal ,Haryana,74.44,22.42,33.1,28.3,15.1,14.5,17.6,21.2,11.9,13.5,31.3,7.8,0.109,47.7,24.6
Panipat ,Haryana,74.75,22.13,33.1,28.3,15.1,14.5,21.6,25.6,11.9,13.5,31.3,7.8,0.109,47.7,26.5
Sonipat ,Haryana,75.52,22.84,33.1,28.3,15.1,14.5,20,21.9,11.9,13.5,31.3,7.8,0.109,47.7,22.4
Jind ,Haryana,73.57,21.57,33.1,28.3,15.1,14.5,16.5,21.9,11.9,13.5,31.3,7.8,0.109,47.7,23.7
Fatehabad ,Haryana,73.51,21.66,33.1,28.3,15.1,14.5,17.5,20.1,11.9,13.5,31.3,7.8,0.109,47.7,29.4
Sirsa ,Haryana,74.22,22.09,33.1,28.3,15.1,14.5,19.9,26.8,11.9,13.5,31.3,7.8,0.109,47.7,26.6
Hisar ,Haryana,74.49,22.12,33.1,28.3,15.1,14.5,19.4,28.6,11.9,13.5,31.3,7.8,0.109,47.7,27.9
Rohtak ,Haryana,75.69,22.75,33.1,28.3,15.1,14.5,20.7,24.5,11.9,13.5,31.3,7.8,0.109,47.7,24.8
Jhajjar ,Haryana,75.2,22.25,33.1,28.3,15.1,14.5,21,26.8,11.9,13.5,31.3,7.8,0.109,47.7,27
Mahendragarh ,Haryana,74.97,22.72,33.1,28.3,15.1,14.5,21.6,25.8,11.9,13.5,31.3,7.8,0.109,47.7,25.6
Rewari ,Haryana,75.8,23.14,33.1,28.3,15.1,14.5,24.1,26.5,11.9,13.5,31.3,7.8,0.109,47.7,25.3
Gurgaon ,Haryana,78.17,23.12,33.1,28.3,15.1,14.5,16.5,22.4,11.9,13.5,31.3,7.8,0.109,47.7,34.6
Mewat ,Haryana,68.74,18.06,33.1,28.3,15.1,14.5,15.5,19.2,11.9,13.5,31.3,7.8,0.109,47.7,11.5
Faridabad ,Haryana,77.72,22.61,33.1,28.3,15.1,14.5,23.3,26.2,11.9,13.5,31.3,7.8,0.109,47.7,32.8
Palwal ,Haryana,73.49,21.32,33.1,28.3,15.1,14.5,21.9,23.2,11.9,13.5,31.3,7.8,0.109,47.7,23.5
Bhiwani ,Haryana,74.33,21.78,33.1,28.3,15.1,14.5,18.7,24.8,11.9,13.5,31.3,7.8,0.109,47.7,28.2
Charkhi Dadri ,Haryana,74.33,21.78,33.1,28.3,15.1,14.5,20.6,22.9,11.9,13.5,31.3,7.8,0.109,47.7,29.7
Chamba ,Himachal Pradesh,72.76,21.84,30.4,30.6,15.1,14.5,17.8,23.2,11.9,13.5,31.3,7.8,0.109,47.7,26.8
Kangra ,Himachal Pradesh,74.73,24.53,30.4,30.6,13.9,11.8,24.9,26.6,13.9,14.7,26.9,5.6,0.21,28.9,36.4
Lahul & Spiti ,Himachal Pradesh,78.43,26.68,30.4,30.6,13.9,11.8,15,19.2,13.9,14.7,26.9,5.6,0.21,28.9,31.2
Kullu ,Himachal Pradesh,74.55,22.74,30.4,30.6,13.9,11.8,17.4,20.6,13.9,14.7,26.9,5.6,0.21,28.9,26.8
Mandi ,Himachal Pradesh,74.75,23.49,30.4,30.6,13.9,11.8,20.8,23.8,13.9,14.7,26.9,5.6,0.21,28.9,41.3
Hamirpur ,Himachal Pradesh,75.54,24.77,30.4,30.6,13.9,11.8,28.1,35.2,13.9,14.7,26.9,5.6,0.21,28.9,32
Una ,Himachal Pradesh,75.98,24.4,30.4,30.6,13.9,11.8,27.1,27.2,13.9,14.7,26.9,5.6,0.21,28.9,22.6
Bilaspur ,Himachal Pradesh,75.55,24.44,30.4,30.6,13.9,11.8,22.1,20.3,13.9,14.7,26.9,5.6,0.21,28.9,35.4
Solan ,Himachal Pradesh,77.83,24.21,30.4,30.6,13.9,11.8,21.7,22.3,13.9,14.7,26.9,5.6,0.21,28.9,41.9
Sirmaur ,Himachal Pradesh,75.16,22.28,30.4,30.6,13.9,11.8,19.1,20.8,13.9,14.7,26.9,5.6,0.21,28.9,26.2
Shimla ,Himachal Pradesh,77.62,25.29,30.4,30.6,13.9,11.8,19.9,23.5,13.9,14.7,26.9,5.6,0.21,28.9,37.1
Kinnaur ,Himachal Pradesh,77.8,26.06,30.4,30.6,13.9,11.8,18.5,22.8,13.9,14.7,26.9,5.6,0.21,28.9,35.9
Kupwara ,Jammu & Kashmir,70.19,18.25,29.4,31.7,13.9,11.8,18.1,18.9,13.9,14.7,26.9,5.6,0.21,28.9,10.4
Badgam ,Jammu & Kashmir,71.24,19.03,29.4,31.7,5.2,4.3,19.9,18.6,8.7,8,25.2,4.8,0.173,25.2,5.2
Punch ,Jammu & Kashmir,70.93,19.34,29.4,31.7,5.2,4.3,17.9,16.3,8.7,8,25.2,4.8,0.173,25.2,11.1
Rajouri ,Jammu & Kashmir,71.3,19.53,29.4,31.7,5.2,4.3,16.5,13.8,8.7,8,25.2,4.8,0.173,25.2,16.4
Kathua ,Jammu & Kashmir,75.14,22.48,29.4,31.7,5.2,4.3,18.9,23.6,8.7,8,25.2,4.8,0.173,25.2,7
Baramula ,Jammu & Kashmir,71.95,19.37,29.4,31.7,5.2,4.3,23.7,19,8.7,8,25.2,4.8,0.173,25.2,6.5
Bandipore ,Jammu & Kashmir,71.21,18.89,29.4,31.7,5.2,4.3,21.4,17.4,8.7,8,25.2,4.8,0.173,25.2,9.1
Srinagar ,Jammu & Kashmir,74.27,21.43,29.4,31.7,5.2,4.3,20.1,18.1,8.7,8,25.2,4.8,0.173,25.2,17.9
Ganderbal ,Jammu & Kashmir,72.58,20.15,29.4,31.7,5.2,4.3,21.5,19.1,8.7,8,25.2,4.8,0.173,25.2,8.3
Pulwama ,Jammu & Kashmir,71.34,18.96,29.4,31.7,5.2,4.3,22.6,19.1,8.7,8,25.2,4.8,0.173,25.2,9.9
Shupiyan ,Jammu & Kashmir,71.18,18.8,29.4,31.7,5.2,4.3,15.1,14.2,8.7,8,25.2,4.8,0.173,25.2,8.4
Anantnag ,Jammu & Kashmir,72.24,20.08,29.4,31.7,5.2,4.3,20,19.4,8.7,8,25.2,4.8,0.173,25.2,7.3
Kulgam ,Jammu & Kashmir,71.85,19.58,29.4,31.7,5.2,4.3,25.8,19.9,8.7,8,25.2,4.8,0.173,25.2,4.2
Doda ,Jammu & Kashmir,72.06,20.27,29.4,31.7,5.2,4.3,23.1,21.5,8.7,8,25.2,4.8,0.173,25.2,7.6
Ramban ,Jammu & Kashmir,71.36,19.32,29.4,31.7,5.2,4.3,17.5,15.7,8.7,8,25.2,4.8,0.173,25.2,9.2
Kishtwar ,Jammu & Kashmir,71.55,19.56,29.4,31.7,5.2,4.3,13.2,13.3,8.7,8,25.2,4.8,0.173,25.2,16.4
Udhampur ,Jammu & Kashmir,74.65,22.14,29.4,31.7,5.2,4.3,20.1,18.3,8.7,8,25.2,4.8,0.173,25.2,16.8
Reasi ,Jammu & Kashmir,71.5,19.46,29.4,31.7,5.2,4.3,15.4,17.6,8.7,8,25.2,4.8,0.173,25.2,11.2
Jammu ,Jammu & Kashmir,76.54,23.86,29.4,31.7,5.2,4.3,20.5,22.6,8.7,8,25.2,4.8,0.173,25.2,23.3
Samba ,Jammu & Kashmir,75.76,22.58,29.4,31.7,5.2,4.3,21.1,21.5,8.7,8,25.2,4.8,0.173,25.2,19
Garhwa ,Jharkhand,70.21,19.04,11.9,15.1,5.2,4.3,18.3,23.4,8.7,8,25.2,4.8,0.173,25.2,55.3
Chatra ,Jharkhand,70.27,18.95,11.9,15.1,26.2,17.1,16,22.1,10.2,14.1,9.8,1.9,0.23,7.5,46.5
Kodarma ,Jharkhand,72.24,20.11,11.9,15.1,26.2,17.1,13.8,20.6,10.2,14.1,9.8,1.9,0.23,7.5,56.8
Giridih ,Jharkhand,71.01,19.68,11.9,15.1,26.2,17.1,17.4,23.9,10.2,14.1,9.8,1.9,0.23,7.5,52.4
Deoghar ,Jharkhand,72.08,20.57,11.9,15.1,26.2,17.1,14.2,18.5,10.2,14.1,9.8,1.9,0.23,7.5,53.8
Godda ,Jharkhand,70.81,19.78,11.9,15.1,26.2,17.1,18.6,20.2,10.2,14.1,9.8,1.9,0.23,7.5,45.9
Sahibganj ,Jharkhand,70.78,19.48,11.9,15.1,26.2,17.1,15,16.6,10.2,14.1,9.8,1.9,0.23,7.5,34.8
Pakur ,Jharkhand,70.51,19.29,11.9,15.1,26.2,17.1,17.1,20.2,10.2,14.1,9.8,1.9,0.23,7.5,52.5
Dhanbad ,Jharkhand,75.18,22.43,11.9,15.1,26.2,17.1,18.5,24.9,10.2,14.1,9.8,1.9,0.23,7.5,45.7
Bokaro ,Jharkhand,74.34,21.72,11.9,15.1,26.2,17.1,21.5,27.5,10.2,14.1,9.8,1.9,0.23,7.5,44.7
Lohardaga ,Jharkhand,73.11,20.76,11.9,15.1,26.2,17.1,17.5,20.2,10.2,14.1,9.8,1.9,0.23,7.5,58.9
Purbi Singhbhum ,Jharkhand,76.71,23.51,11.9,15.1,26.2,17.1,19.8,22.4,10.2,14.1,9.8,1.9,0.23,7.5,50.7
Palamu ,Jharkhand,71.23,19.58,11.9,15.1,26.2,17.1,18.3,24.3,10.2,14.1,9.8,1.9,0.23,7.5,55.8
Latehar ,Jharkhand,70.76,18.96,11.9,15.1,26.2,17.1,15.3,22.2,10.2,14.1,9.8,1.9,0.23,7.5,52.2
Hazaribagh ,Jharkhand,72.93,20.81,11.9,15.1,26.2,17.1,18.8,30.8,10.2,14.1,9.8,1.9,0.23,7.5,55
Ramgarh ,Jharkhand,74.22,21.36,11.9,15.1,26.2,17.1,21.1,27.4,10.2,14.1,9.8,1.9,0.23,7.5,49.7
Dumka ,Jharkhand,70.83,19.63,11.9,15.1,26.2,17.1,14.1,20,10.2,14.1,9.8,1.9,0.23,7.5,45.4
Jamtara ,Jharkhand,71.24,19.77,11.9,15.1,26.2,17.1,17.8,21.9,10.2,14.1,9.8,1.9,0.23,7.5,62.9
Ranchi ,Jharkhand,74.75,21.9,11.9,15.1,26.2,17.1,19.6,23.1,10.2,14.1,9.8,1.9,0.23,7.5,43.9
Khunti ,Jharkhand,72.77,20.67,11.9,15.1,26.2,17.1,11.7,14.2,10.2,14.1,9.8,1.9,0.23,7.5,58.2
Gumla ,Jharkhand,72.52,20.5,11.9,15.1,26.2,17.1,15.1,19.9,10.2,14.1,9.8,1.9,0.23,7.5,51.7
Simdega ,Jharkhand,72.09,20.01,11.9,15.1,26.2,17.1,20.9,26.7,10.2,14.1,9.8,1.9,0.23,7.5,60.6
Pashchimi Singhbhum ,Jharkhand,72.85,20.47,11.9,15.1,26.2,17.1,17.8,19.5,10.2,14.1,9.8,1.9,0.23,7.5,46.7
Saraikela-Kharsawan ,Jharkhand,73.88,21.13,11.9,15.1,26.2,17.1,15.6,17.2,10.2,14.1,9.8,1.9,0.23,7.5,63.1
Belgaum ,Karnataka,75.77,24.47,30.9,30.9,26.2,17.1,19.4,22.2,10.2,14.1,9.8,1.9,0.23,7.5,20.7
Bagalkot ,Karnataka,74.89,23.63,30.9,30.9,17.2,14.3,19.1,21,14,15.6,17.8,3.9,0.191,19,22.3
Bijapur ,Karnataka,74.66,23.01,30.9,30.9,17.2,14.3,20.2,21,14,15.6,17.8,3.9,0.191,19,21.2
Bidar ,Karnataka,74.6,22.61,30.9,30.9,17.2,14.3,21.2,24.1,14,15.6,17.8,3.9,0.191,19,21.4
Raichur ,Karnataka,73.28,21.84,30.9,30.9,17.2,14.3,18.5,16.7,14,15.6,17.8,3.9,0.191,19,17.8
Koppal ,Karnataka,73.88,22.37,30.9,30.9,17.2,14.3,19.5,22.2,14,15.6,17.8,3.9,0.191,19,20.6
Gadag ,Karnataka,75.12,23.59,30.9,30.9,17.2,14.3,22.1,23.9,14,15.6,17.8,3.9,0.191,19,28.3
Dharwad ,Karnataka,77.3,24.42,30.9,30.9,17.2,14.3,26.6,23.7,14,15.6,17.8,3.9,0.191,19,24.5
Uttara Kannada ,Karnataka,77.1,25.99,30.9,30.9,17.2,14.3,26.9,25.1,14,15.6,17.8,3.9,0.191,19,32
Haveri ,Karnataka,75.47,23.68,30.9,30.9,17.2,14.3,21.4,24.4,14,15.6,17.8,3.9,0.191,19,28.8
Bellary ,Karnataka,75.29,23.5,30.9,30.9,17.2,14.3,21.2,20.9,14,15.6,17.8,3.9,0.191,19,25.7
Chitradurga ,Karnataka,75.4,24.12,30.9,30.9,17.2,14.3,29.7,30.6,14,15.6,17.8,3.9,0.191,19,35.3
Davanagere ,Karnataka,76.01,24.52,30.9,30.9,17.2,14.3,24.8,29.5,14,15.6,17.8,3.9,0.191,19,25.2
Shimoga ,Karnataka,76.99,26.04,30.9,30.9,17.2,14.3,27.2,28.7,14,15.6,17.8,3.9,0.191,19,26.5
Udupi ,Karnataka,79.16,30.34,30.9,30.9,17.2,14.3,31.2,32.5,14,15.6,17.8,3.9,0.191,19,50.9
Chikmagalur ,Karnataka,76.81,26.47,30.9,30.9,17.2,14.3,29.2,28.7,14,15.6,17.8,3.9,0.191,19,30
Tumkur ,Karnataka,75.56,24.81,30.9,30.9,17.2,14.3,27.4,34,14,15.6,17.8,3.9,0.191,19,31
Bengaluru ,Karnataka,81.42,26.47,30.9,30.9,17.2,14.3,30.7,33.5,14,15.6,17.8,3.9,0.191,19,28.8
Mandya ,Karnataka,76.43,25.68,30.9,30.9,17.2,14.3,30.1,29.8,14,15.6,17.8,3.9,0.191,19,39.9
Hassan ,Karnataka,76.24,25.43,30.9,30.9,17.2,14.3,28.1,29.5,14,15.6,17.8,3.9,0.191,19,36.9
Dakshina Kannada ,Karnataka,78.29,28.32,30.9,30.9,17.2,14.3,30.1,29.9,14,15.6,17.8,3.9,0.191,19,36.3
Kodagu ,Karnataka,78.43,29.13,30.9,30.9,17.2,14.3,31.5,33.3,14,15.6,17.8,3.9,0.191,19,45.6
Mysore ,Karnataka,77.49,26.48,30.9,30.9,17.2,14.3,25.5,27.4,14,15.6,17.8,3.9,0.191,19,26.2
Chamarajanagar ,Karnataka,75.84,25.04,30.9,30.9,17.2,14.3,28.8,29.9,14,15.6,17.8,3.9,0.191,19,34.4
Gulbarga ,Karnataka,74.45,22.75,30.9,30.9,17.2,14.3,17,24.8,14,15.6,17.8,3.9,0.191,19,17.4
Yadgir ,Karnataka,73.61,21.97,30.9,30.9,17.2,14.3,17.5,18,14,15.6,17.8,3.9,0.191,19,16.7
Kolar ,Karnataka,76.23,24.43,30.9,30.9,17.2,14.3,24.3,27.9,14,15.6,17.8,3.9,0.191,19,33.9
Chikkaballapura ,Karnataka,75.38,23.53,30.9,30.9,17.2,14.3,24.1,32.5,14,15.6,17.8,3.9,0.191,19,26.1
Bengaluru Rural ,Karnataka,76.27,23.94,30.9,30.9,17.2,14.3,26.7,30.8,14,15.6,17.8,3.9,0.191,19,34.9
Ramanagara ,Karnataka,76.1,24.28,30.9,30.9,17.2,14.3,28.2,29.9,14,15.6,17.8,3.9,0.191,19,35.7
Kasaragod ,Kerala,78.4,28.18,46.3,41.3,17.2,14.3,26.1,26,14,15.6,17.8,3.9,0.191,19,44
Kannur ,Kerala,77.94,27.7,46.3,41.3,10.1,10,31,34.8,24.8,27,29.6,6.3,0.463,40.1,47.9
Wayanad ,Kerala,77.47,26.43,46.3,41.3,10.1,10,28.8,28.3,24.8,27,29.6,6.3,0.463,40.1,64.8
Kozhikode ,Kerala,79.33,28.93,46.3,41.3,10.1,10,29.6,28.4,24.8,27,29.6,6.3,0.463,40.1,61.1
Malappuram ,Kerala,74.82,23.82,46.3,41.3,10.1,10,25.4,27.4,24.8,27,29.6,6.3,0.463,40.1,42.8
Palakkad ,Kerala,77.83,27.42,46.3,41.3,10.1,10,32.4,35.3,24.8,27,29.6,6.3,0.463,40.1,53.8
Thrissur ,Kerala,79.31,29.35,46.3,41.3,10.1,10,31.4,36.8,24.8,27,29.6,6.3,0.463,40.1,48.7
Ernakulam ,Kerala,81.04,29.74,46.3,41.3,10.1,10,29.6,30.2,24.8,27,29.6,6.3,0.463,40.1,46.2
Idukki ,Kerala,77.62,27.05,46.3,41.3,10.1,10,34.8,31.8,24.8,27,29.6,6.3,0.463,40.1,58.1
Kottayam ,Kerala,80.12,30.22,46.3,41.3,10.1,10,34.2,38.8,24.8,27,29.6,6.3,0.463,40.1,53.2
Alappuzha ,Kerala,80,29.98,46.3,41.3,10.1,10,32.1,36.2,24.8,27,29.6,6.3,0.463,40.1,60.4
Pathanamthitta ,Kerala,79.8,30.82,46.3,41.3,10.1,10,42.1,41.9,24.8,27,29.6,6.3,0.463,40.1,50.1
Kollam ,Kerala,79.52,29.62,46.3,41.3,10.1,10,32.4,35.3,24.8,27,29.6,6.3,0.463,40.1,56
Thiruvananthapuram ,Kerala,80.01,29.56,46.3,41.3,10.1,10,31.4,32.1,24.8,27,29.6,6.3,0.463,40.1,48.7
Leh(Ladakh) ,Ladakh,78.6,25.44,28.3,37.8,10.1,10,12.8,14.7,24.8,27,29.6,6.3,0.463,40.1,16.2
Kargil ,Ladakh,72.63,18.89,28.3,37.8,4.4,2.1,18.7,20.1,6.7,8.3,21.5,4.8,0.306,6.3,13.6
Lakshadweep , Lakshadweep ,77.94,26.27,33.5,35.3,4.4,2.1,24.8,24.7,6.7,8.3,21.5,4.8,0.306,6.3,60.1
Sheopur ,Madhya Pradesh,71.02,19.34,16.6,15.6,8,5.5,19.2,25.7,13.5,24.7,29.6,0,0.157,36.2,27.1
Morena ,Madhya Pradesh,72.77,20.44,16.6,15.6,23,20.8,14.9,19.1,9.8,12.2,10.5,2.4,0.121,15.1,36.3
Bhind ,Madhya Pradesh,73.18,20.89,16.6,15.6,23,20.8,15.2,17,9.8,12.2,10.5,2.4,0.121,15.1,31
Gwalior ,Madhya Pradesh,75.47,22.84,16.6,15.6,23,20.8,19.9,25.1,9.8,12.2,10.5,2.4,0.121,15.1,40.6
Datia ,Madhya Pradesh,73.71,21.46,16.6,15.6,23,20.8,15.3,19.7,9.8,12.2,10.5,2.4,0.121,15.1,30.9
Shivpuri ,Madhya Pradesh,72.9,20.67,16.6,15.6,23,20.8,13.7,15.7,9.8,12.2,10.5,2.4,0.121,15.1,38.9
Tikamgarh ,Madhya Pradesh,72.93,21.05,16.6,15.6,23,20.8,14.4,12.9,9.8,12.2,10.5,2.4,0.121,15.1,40.5
Chhatarpur ,Madhya Pradesh,72.67,20.91,16.6,15.6,23,20.8,17.2,17.5,9.8,12.2,10.5,2.4,0.121,15.1,17.1
Panna ,Madhya Pradesh,72.1,20.49,16.6,15.6,23,20.8,16.1,14.4,9.8,12.2,10.5,2.4,0.121,15.1,12.6
Sagar ,Madhya Pradesh,74,22.25,16.6,15.6,23,20.8,25.3,26.4,9.8,12.2,10.5,2.4,0.121,15.1,27.5
Damoh ,Madhya Pradesh,73.08,21.57,16.6,15.6,23,20.8,22.6,21.4,9.8,12.2,10.5,2.4,0.121,15.1,21.6
Satna ,Madhya Pradesh,72.75,20.97,16.6,15.6,23,20.8,16.2,16.3,9.8,12.2,10.5,2.4,0.121,15.1,22
Rewa ,Madhya Pradesh,72.68,20.73,16.6,15.6,23,20.8,17.6,20.1,9.8,12.2,10.5,2.4,0.121,15.1,29.4
Umaria ,Madhya Pradesh,72.69,20.74,16.6,15.6,23,20.8,20.9,22.1,9.8,12.2,10.5,2.4,0.121,15.1,19.9
Neemuch ,Madhya Pradesh,75.42,23.85,16.6,15.6,23,20.8,26,28.5,9.8,12.2,10.5,2.4,0.121,15.1,43.3
Mandsaur ,Madhya Pradesh,75.14,23.54,16.6,15.6,23,20.8,29.6,36.2,9.8,12.2,10.5,2.4,0.121,15.1,48.4
Ratlam ,Madhya Pradesh,75.16,23.23,16.6,15.6,23,20.8,21.3,24,9.8,12.2,10.5,2.4,0.121,15.1,37.9
Ujjain ,Madhya Pradesh,75.89,24.08,16.6,15.6,23,20.8,23.3,25,9.8,12.2,10.5,2.4,0.121,15.1,35.7
Dewas ,Madhya Pradesh,74.6,22.58,16.6,15.6,23,20.8,24.4,28.6,9.8,12.2,10.5,2.4,0.121,15.1,35.1
Dhar ,Madhya Pradesh,72.97,20.95,16.6,15.6,23,20.8,19.9,19.8,9.8,12.2,10.5,2.4,0.121,15.1,30.3
Indore ,Madhya Pradesh,77.06,23.77,16.6,15.6,23,20.8,20.7,21.3,9.8,12.2,10.5,2.4,0.121,15.1,40.3
Khargone (West Nimar) ,Madhya Pradesh,72.91,20.78,16.6,15.6,23,20.8,21.2,24.9,9.8,12.2,10.5,2.4,0.121,15.1,43.7
Barwani ,Madhya Pradesh,71.24,19.46,16.6,15.6,23,20.8,21.1,25,9.8,12.2,10.5,2.4,0.121,15.1,29.2
Rajgarh ,Madhya Pradesh,74.13,22.21,16.6,15.6,23,20.8,24.4,24,9.8,12.2,10.5,2.4,0.121,15.1,27.1
Vidisha ,Madhya Pradesh,73.8,21.84,16.6,15.6,23,20.8,17.2,18.1,9.8,12.2,10.5,2.4,0.121,15.1,48.2
Bhopal ,Madhya Pradesh,77.63,23.82,16.6,15.6,23,20.8,22.4,24.9,9.8,12.2,10.5,2.4,0.121,15.1,50.7
Sehore ,Madhya Pradesh,73.78,21.72,16.6,15.6,23,20.8,26,26.6,9.8,12.2,10.5,2.4,0.121,15.1,33.2
Raisen ,Madhya Pradesh,73.14,21.13,16.6,15.6,23,20.8,19,21.2,9.8,12.2,10.5,2.4,0.121,15.1,41
Betul ,Madhya Pradesh,74.88,23,16.6,15.6,23,20.8,17.8,21.6,9.8,12.2,10.5,2.4,0.121,15.1,51.3
Harda ,Madhya Pradesh,74.22,22.21,16.6,15.6,23,20.8,21.7,20.9,9.8,12.2,10.5,2.4,0.121,15.1,33.3
Hoshangabad ,Madhya Pradesh,74.87,22.95,16.6,15.6,23,20.8,24,29.9,9.8,12.2,10.5,2.4,0.121,15.1,28.6
Katni ,Madhya Pradesh,74.13,21.96,16.6,15.6,23,20.8,18.5,20.8,9.8,12.2,10.5,2.4,0.121,15.1,18.1
Jabalpur ,Madhya Pradesh,76.32,23.89,16.6,15.6,23,20.8,22.7,20.1,9.8,12.2,10.5,2.4,0.121,15.1,61.2
Narsimhapur ,Madhya Pradesh,74.57,22.75,16.6,15.6,23,20.8,23.2,24.4,9.8,12.2,10.5,2.4,0.121,15.1,49.4
Dindori ,Madhya Pradesh,72.84,20.97,16.6,15.6,23,20.8,25.2,27.7,9.8,12.2,10.5,2.4,0.121,15.1,47.2
Mandla ,Madhya Pradesh,73.18,21.28,16.6,15.6,23,20.8,24.9,30.4,9.8,12.2,10.5,2.4,0.121,15.1,42.6
Chhindwara ,Madhya Pradesh,75.44,23.63,16.6,15.6,23,20.8,21.7,22.6,9.8,12.2,10.5,2.4,0.121,15.1,48.5
Seoni ,Madhya Pradesh,74.45,22.61,16.6,15.6,23,20.8,21.1,25.7,9.8,12.2,10.5,2.4,0.121,15.1,44.6
Balaghat ,Madhya Pradesh,76.13,24.28,16.6,15.6,23,20.8,22.3,21.9,9.8,12.2,10.5,2.4,0.121,15.1,68.4
Guna ,Madhya Pradesh,73.49,21.43,16.6,15.6,23,20.8,17,18.2,9.8,12.2,10.5,2.4,0.121,15.1,43.1
Ashoknagar ,Madhya Pradesh,74.05,21.73,16.6,15.6,23,20.8,16.3,19.8,9.8,12.2,10.5,2.4,0.121,15.1,34.2
Shahdol ,Madhya Pradesh,72.84,20.84,16.6,15.6,23,20.8,19.8,23.2,9.8,12.2,10.5,2.4,0.121,15.1,58.4
Anuppur ,Madhya Pradesh,73.05,21.03,16.6,15.6,23,20.8,24.3,26.4,9.8,12.2,10.5,2.4,0.121,15.1,52.8
Sidhi ,Madhya Pradesh,71.69,19.92,16.6,15.6,23,20.8,17.5,26,9.8,12.2,10.5,2.4,0.121,15.1,26.1
Singrauli ,Madhya Pradesh,71.86,19.86,16.6,15.6,23,20.8,18.9,25.9,9.8,12.2,10.5,2.4,0.121,15.1,58.5
Jhabua ,Madhya Pradesh,70.92,19.23,16.6,15.6,23,20.8,23.5,23.7,9.8,12.2,10.5,2.4,0.121,15.1,43.7
Alirajpur ,Madhya Pradesh,69.58,18.52,16.6,15.6,23,20.8,22,27.7,9.8,12.2,10.5,2.4,0.121,15.1,42.5
Khandwa (East Nimar) ,Madhya Pradesh,73.53,21.49,16.6,15.6,23,20.8,21.3,17.6,9.8,12.2,10.5,2.4,0.121,15.1,38.1
Burhanpur ,Madhya Pradesh,74.37,21.76,16.6,15.6,23,20.8,13.9,15.9,9.8,12.2,10.5,2.4,0.121,15.1,42.2
Agar Malwa ,Madhya Pradesh,74.36,22.42,16.6,15.6,23,20.8,21.2,25.2,9.8,12.2,10.5,2.4,0.121,15.1,58.9
Shajapur ,Madhya Pradesh,74.36,22.42,16.6,15.6,23,20.8,23.3,26.1,9.8,12.2,10.5,2.4,0.121,15.1,34.3
Nandurbar ,Maharashtra,72.19,20.08,23.5,24.7,23,20.8,23.5,24.6,9.8,12.2,10.5,2.4,0.121,15.1,15.3
Dhule ,Maharashtra,74.24,22.06,23.5,24.7,20.8,16.2,21.4,25.1,12.4,13.6,18.1,4.4,0.136,26.1,19.8
Jalgaon ,Maharashtra,75.29,23.54,23.5,24.7,20.8,16.2,20.7,24.4,12.4,13.6,18.1,4.4,0.136,26.1,11.9
Buldana ,Maharashtra,74.96,22.84,23.5,24.7,20.8,16.2,20.1,20.5,12.4,13.6,18.1,4.4,0.136,26.1,37.9
Akola ,Maharashtra,75.83,23.47,23.5,24.7,20.8,16.2,19.4,19.1,12.4,13.6,18.1,4.4,0.136,26.1,40.1
Washim ,Maharashtra,74.69,22.49,23.5,24.7,20.8,16.2,21.9,21,12.4,13.6,18.1,4.4,0.136,26.1,24.1
Amravati ,Maharashtra,76.24,24.04,23.5,24.7,20.8,16.2,19.8,18.7,12.4,13.6,18.1,4.4,0.136,26.1,31.9
Wardha ,Maharashtra,77.3,25.26,23.5,24.7,20.8,16.2,17.1,14,12.4,13.6,18.1,4.4,0.136,26.1,27.1
Nagpur ,Maharashtra,78.89,25.96,23.5,24.7,20.8,16.2,21.3,18.3,12.4,13.6,18.1,4.4,0.136,26.1,25.6
Bhandara ,Maharashtra,76.79,24.78,23.5,24.7,20.8,16.2,21.8,19.3,12.4,13.6,18.1,4.4,0.136,26.1,30
Gondiya ,Maharashtra,77.1,24.95,23.5,24.7,20.8,16.2,21.8,18.9,12.4,13.6,18.1,4.4,0.136,26.1,30.6
Gadchiroli ,Maharashtra,75.14,22.56,23.5,24.7,20.8,16.2,17,17.2,12.4,13.6,18.1,4.4,0.136,26.1,33.3
Chandrapur ,Maharashtra,76.73,24.49,23.5,24.7,20.8,16.2,20.7,20.6,12.4,13.6,18.1,4.4,0.136,26.1,28.9
Yavatmal ,Maharashtra,75.76,23.64,23.5,24.7,20.8,16.2,17.2,18.2,12.4,13.6,18.1,4.4,0.136,26.1,29
Nanded ,Maharashtra,74.84,22.59,23.5,24.7,20.8,16.2,16.7,17.3,12.4,13.6,18.1,4.4,0.136,26.1,15.7
Hingoli ,Maharashtra,74.12,22.01,23.5,24.7,20.8,16.2,17.4,17.4,12.4,13.6,18.1,4.4,0.136,26.1,14.7
Parbhani ,Maharashtra,74.22,22.05,23.5,24.7,20.8,16.2,21,21.6,12.4,13.6,18.1,4.4,0.136,26.1,10.5
Jalna ,Maharashtra,74.38,22.18,23.5,24.7,20.8,16.2,21.8,24.8,12.4,13.6,18.1,4.4,0.136,26.1,9.7
Aurangabad ,Maharashtra,76.01,23.45,23.5,24.7,20.8,16.2,20.8,20.9,12.4,13.6,18.1,4.4,0.136,26.1,12.4
Nashik ,Maharashtra,76.79,24.21,23.5,24.7,20.8,16.2,22.5,26.1,12.4,13.6,18.1,4.4,0.136,26.1,14.7
Mumbai Suburban ,Maharashtra,81.42,26.47,23.5,24.7,20.8,16.2,26.6,28,12.4,13.6,18.1,4.4,0.136,26.1,20.2
Mumbai ,Maharashtra,81.42,26.47,23.5,24.7,20.8,16.2,21,23.3,12.4,13.6,18.1,4.4,0.136,26.1,30.7
Raigarh ,Maharashtra,78.43,25.13,23.5,24.7,20.8,16.2,24.8,26.4,12.4,13.6,18.1,4.4,0.136,26.1,26.3
Pune ,Maharashtra,79.52,25.86,23.5,24.7,20.8,16.2,22.4,25.8,12.4,13.6,18.1,4.4,0.136,26.1,14.4
Ahmadnagar ,Maharashtra,76.51,23.86,23.5,24.7,20.8,16.2,23.6,25.3,12.4,13.6,18.1,4.4,0.136,26.1,12
Bid ,Maharashtra,74.41,22.11,23.5,24.7,20.8,16.2,26.4,24.1,12.4,13.6,18.1,4.4,0.136,26.1,9.3
Latur ,Maharashtra,74.81,22.62,23.5,24.7,20.8,16.2,18.6,19.6,12.4,13.6,18.1,4.4,0.136,26.1,33.6
Osmanabad ,Maharashtra,75.05,22.95,23.5,24.7,20.8,16.2,23.5,26.2,12.4,13.6,18.1,4.4,0.136,26.1,14.8
Solapur ,Maharashtra,75.69,23.88,23.5,24.7,20.8,16.2,25.7,26.2,12.4,13.6,18.1,4.4,0.136,26.1,20.5
Satara ,Maharashtra,76.84,25.68,23.5,24.7,20.8,16.2,27.2,29.8,12.4,13.6,18.1,4.4,0.136,26.1,11.4
Ratnagiri ,Maharashtra,76.88,27.18,23.5,24.7,20.8,16.2,32.4,33.9,12.4,13.6,18.1,4.4,0.136,26.1,16.6
Sindhudurg ,Maharashtra,78.07,29.13,23.5,24.7,20.8,16.2,36.6,37.9,12.4,13.6,18.1,4.4,0.136,26.1,13.2
Kolhapur ,Maharashtra,77.1,25.59,23.5,24.7,20.8,16.2,31,33.2,12.4,13.6,18.1,4.4,0.136,26.1,16.5
Sangli ,Maharashtra,76.62,25.16,23.5,24.7,20.8,16.2,30.1,32,12.4,13.6,18.1,4.4,0.136,26.1,12.3
Palghar ,Maharashtra,76.43,21.61,23.5,24.7,20.8,16.2,23.4,22.4,12.4,13.6,18.1,4.4,0.136,26.1,18.8
Thane ,Maharashtra,79.37,23.89,23.5,24.7,20.8,16.2,24.5,29.7,12.4,13.6,18.1,4.4,0.136,26.1,22.7
Senapati ,Manipur,71.07,18.06,34.1,30.3,20.8,16.2,18.7,28.2,12.4,13.6,18.1,4.4,0.136,26.1,15.4
Tamenglong ,Manipur,70.93,17.91,34.1,30.3,7.2,8,21.5,29.4,13.6,16.5,25.8,2.2,0.427,17.2,16.8
Churachandpur ,Manipur,72.47,19.22,34.1,30.3,7.2,8,16.3,25.2,13.6,16.5,25.8,2.2,0.427,17.2,18.2
Bishnupur ,Manipur,75.04,22.03,34.1,30.3,7.2,8,23.6,31.3,13.6,16.5,25.8,2.2,0.427,17.2,9.3
Thoubal ,Manipur,73.83,20.89,34.1,30.3,7.2,8,23.2,33.4,13.6,16.5,25.8,2.2,0.427,17.2,19.1
Imphal West ,Manipur,77.41,23.89,34.1,30.3,7.2,8,27.5,38.4,13.6,16.5,25.8,2.2,0.427,17.2,15.7
Imphal East ,Manipur,76.51,22.99,34.1,30.3,7.2,8,21.9,36,13.6,16.5,25.8,2.2,0.427,17.2,7
Ukhrul ,Manipur,73.54,20.35,34.1,30.3,7.2,8,22.3,25,13.6,16.5,25.8,2.2,0.427,17.2,17
Chandel ,Manipur,72.03,18.66,34.1,30.3,7.2,8,21.7,28.2,13.6,16.5,25.8,2.2,0.427,17.2,16.1
South Garo Hills ,Meghalaya,69.95,18.17,11.5,13.9,7.2,8,15.8,22.8,13.6,16.5,25.8,2.2,0.427,17.2,79.5
Ribhoi ,Meghalaya,72.58,20.25,11.5,13.9,10.8,9,13.5,16,9.2,13.9,7.8,1.8,0.63,42.8,66.8
East Khasi Hills ,Meghalaya,75.87,22.86,11.5,13.9,10.8,9,24.5,25,9.2,13.9,7.8,1.8,0.63,42.8,47.1
East Garo Hills ,Meghalaya,70.94,18.73,11.5,13.9,10.8,9,15.3,23.2,9.2,13.9,7.8,1.8,0.63,42.8,71.9
East Jantia Hills ,Meghalaya,71.36,19.16,11.5,13.9,10.8,9,18.7,17.2,9.2,13.9,7.8,1.8,0.63,42.8,74.1
North Garo Hills ,Meghalaya,71.02,18.82,11.5,13.9,10.8,9,20,25.4,9.2,13.9,7.8,1.8,0.63,42.8,60.8
South West Garo Hills ,Meghalaya,70.19,18.42,11.5,13.9,10.8,9,13.6,20,9.2,13.9,7.8,1.8,0.63,42.8,75.1
South West Khasi Hills ,Meghalaya,72.03,19.53,11.5,13.9,10.8,9,18.5,19,9.2,13.9,7.8,1.8,0.63,42.8,72.3
West Garo Hills ,Meghalaya,71.49,19.38,11.5,13.9,10.8,9,17.4,24.7,9.2,13.9,7.8,1.8,0.63,42.8,77.9
West Jaintia Hills ,Meghalaya,72.16,19.86,11.5,13.9,10.8,9,18,15.5,9.2,13.9,7.8,1.8,0.63,42.8,65.6
West Khasi Hills ,Meghalaya,72.03,19.53,11.5,13.9,10.8,9,16,16.4,9.2,13.9,7.8,1.8,0.63,42.8,60.1
Chandel ,Mizoram,72.03,18.66,24.2,32.1,10.8,9,21.7,28.2,9.2,13.9,7.8,1.8,0.63,42.8,16.1
Mamit ,Mizoram,73.23,19.98,24.2,32.1,5.3,5.1,14.3,21,13.8,15.4,13.6,0,0.638,24.8,61.7
Kolasib ,Mizoram,74.41,21.27,24.2,32.1,5.3,5.1,16.5,24.3,13.8,15.4,13.6,0,0.638,24.8,61.1
Aizawl ,Mizoram,78.23,24.49,24.2,32.1,5.3,5.1,23.4,33.6,13.8,15.4,13.6,0,0.638,24.8,37.5
Champhai ,Mizoram,75.83,22.38,24.2,32.1,5.3,5.1,16.1,19.6,13.8,15.4,13.6,0,0.638,24.8,64.9
Serchhip ,Mizoram,76.43,23.01,24.2,32.1,5.3,5.1,11.6,17.7,13.8,15.4,13.6,0,0.638,24.8,58.8
Lunglei ,Mizoram,75.24,22.05,24.2,32.1,5.3,5.1,13.9,20,13.8,15.4,13.6,0,0.638,24.8,46.5
Lawngtlai ,Mizoram,70.52,18.52,24.2,32.1,5.3,5.1,13,20.3,13.8,15.4,13.6,0,0.638,24.8,31.3
Mon ,Nagaland,70.07,18.39,17.1,23.1,5.3,5.1,20.4,35.7,13.8,15.4,13.6,0,0.638,24.8,39.3
Mokokchung ,Nagaland,74.28,22.38,17.1,23.1,11.1,7.5,23.2,28.9,9.3,12.4,8,0.6,0.675,9,22.3
Zunheboto ,Nagaland,72.29,19.96,17.1,23.1,11.1,7.5,33.2,41.2,9.3,12.4,8,0.6,0.675,9,18.1
Wokha ,Nagaland,74.07,21.43,17.1,23.1,11.1,7.5,24.3,35.7,9.3,12.4,8,0.6,0.675,9,20.6
Dimapur ,Nagaland,75.83,21.94,17.1,23.1,11.1,7.5,18.6,20.8,9.3,12.4,8,0.6,0.675,9,5.7
Phek ,Nagaland,72.93,20.08,17.1,23.1,11.1,7.5,25.9,33.8,9.3,12.4,8,0.6,0.675,9,24.9
Tuensang ,Nagaland,69.83,17.85,17.1,23.1,11.1,7.5,20.4,24.3,9.3,12.4,8,0.6,0.675,9,22
Longleng ,Nagaland,69.17,17.58,17.1,23.1,11.1,7.5,22.6,30,9.3,12.4,8,0.6,0.675,9,38.3
Kiphire ,Nagaland,71.02,18.89,17.1,23.1,11.1,7.5,15.3,22,9.3,12.4,8,0.6,0.675,9,8.8
Kohima ,Nagaland,75.87,22.95,17.1,23.1,11.1,7.5,25.7,31.1,9.3,12.4,8,0.6,0.675,9,26.7
Peren ,Nagaland,72.23,19.53,17.1,23.1,11.1,7.5,19.8,27.7,9.3,12.4,8,0.6,0.675,9,5.4
Central Delhi,Delhi,80.11,28.61,41.1,38,11.1,7.5,26.5,41.5,9.3,12.4,8,0.6,0.675,9,22.6
East Delhi,Delhi,79.52,26.47,41.1,38,10,9.1,25.8,33.8,12.2,14.1,35.9,9.8,0.15,67.7,30.7
New Delhi ,Delhi,81.42,26.47,41.1,38,10,9.1,25.8,33.8,12.2,14.1,35.9,9.8,0.15,67.7,25.2
North Delhi,Delhi,78.22,25.29,41.1,38,10,9.1,21.3,32.9,12.2,14.1,35.9,9.8,0.15,67.7,18.1
North East Delhi,Delhi,78.43,24.97,41.1,38,10,9.1,27.2,37,12.2,14.1,35.9,9.8,0.15,67.7,19.4
North West Delhi,Delhi,79.03,25.21,41.1,38,10,9.1,24.1,29.9,12.2,14.1,35.9,9.8,0.15,67.7,28.2
Shahdara ,Delhi,78.73,25.07,41.1,38,10,9.1,26.1,35,12.2,14.1,35.9,9.8,0.15,67.7,21.5
South Delhi,Delhi,80.31,27.13,41.1,38,10,9.1,22.3,30.4,12.2,14.1,35.9,9.8,0.15,67.7,28.7
South East Delhi,Delhi,79.72,26.69,41.1,38,10,9.1,23.7,27.8,12.2,14.1,35.9,9.8,0.15,67.7,24.5
South West Delhi,Delhi,79.32,25.96,41.1,38,10,9.1,19.5,26.5,12.2,14.1,35.9,9.8,0.15,67.7,37.7
West Delhi,Delhi,79.91,26.83,41.1,38,10,9.1,23.8,34.1,12.2,14.1,35.9,9.8,0.15,67.7,21
Bargarh ,Odisha,75.29,24.23,23,22.2,10,9.1,22.6,24.3,12.2,14.1,35.9,9.8,0.15,67.7,45.5
Jharsuguda ,Odisha,77.01,24.96,23,22.2,20.8,15.3,20.4,25.3,14,17,20.4,3.4,0.242,8.7,37.7
Sambalpur ,Odisha,76.33,24.47,23,22.2,20.8,15.3,22.2,24.5,14,17,20.4,3.4,0.242,8.7,49.3
Debagarh ,Odisha,74.45,22.84,23,22.2,20.8,15.3,20.1,27.5,14,17,20.4,3.4,0.242,8.7,57.5
Sundargarh ,Odisha,75.27,23.36,23,22.2,20.8,15.3,21.1,25.3,14,17,20.4,3.4,0.242,8.7,39.3
Kendujhar ,Odisha,73.61,22.18,23,22.2,20.8,15.3,24.1,25.1,14,17,20.4,3.4,0.242,8.7,43.3
Mayurbhanj ,Odisha,73.49,22.25,23,22.2,20.8,15.3,26.1,28.8,14,17,20.4,3.4,0.242,8.7,46.5
Baleshwar ,Odisha,75.31,23.94,23,22.2,20.8,15.3,22.9,29.5,14,17,20.4,3.4,0.242,8.7,40.6
Bhadrak ,Odisha,74.45,22.75,23,22.2,20.8,15.3,21.7,26.1,14,17,20.4,3.4,0.242,8.7,44.9
Kendrapara ,Odisha,74.79,23.23,23,22.2,20.8,15.3,21.9,24.8,14,17,20.4,3.4,0.242,8.7,50
Jagatsinghapur ,Odisha,75.46,23.98,23,22.2,20.8,15.3,26.2,30.2,14,17,20.4,3.4,0.242,8.7,56.8
Cuttack ,Odisha,76.32,24.78,23,22.2,20.8,15.3,22.7,27.1,14,17,20.4,3.4,0.242,8.7,42.3
Jajapur ,Odisha,74.47,22.69,23,22.2,20.8,15.3,23.8,28,14,17,20.4,3.4,0.242,8.7,53.9
Dhenkanal ,Odisha,75.12,23.63,23,22.2,20.8,15.3,25.3,26,14,17,20.4,3.4,0.242,8.7,55.2
Anugul ,Odisha,75.49,23.84,23,22.2,20.8,15.3,18.9,21.1,14,17,20.4,3.4,0.242,8.7,63.1
Nayagarh ,Odisha,74.73,23.33,23,22.2,20.8,15.3,22,18.8,14,17,20.4,3.4,0.242,8.7,49.3
Khordha ,Odisha,78.21,25.68,23,22.2,20.8,15.3,20.2,25.1,14,17,20.4,3.4,0.242,8.7,43.2
Puri ,Odisha,76.62,25.13,23,22.2,20.8,15.3,20.8,23.3,14,17,20.4,3.4,0.242,8.7,61.5
Ganjam ,Odisha,76.24,25.14,23,22.2,20.8,15.3,23.4,29.7,14,17,20.4,3.4,0.242,8.7,51.9
Gajapati ,Odisha,75.31,24.28,23,22.2,20.8,15.3,19.7,24.9,14,17,20.4,3.4,0.242,8.7,39.6
Kandhamal ,Odisha,73.08,21.73,23,22.2,20.8,15.3,24.4,24.8,14,17,20.4,3.4,0.242,8.7,54.5
Baudh ,Odisha,74.37,22.68,23,22.2,20.8,15.3,20.9,24,14,17,20.4,3.4,0.242,8.7,44.7
Subarnapur ,Odisha,75.16,23.47,23,22.2,20.8,15.3,22.4,20.5,14,17,20.4,3.4,0.242,8.7,45.8
Balangir ,Odisha,74.67,22.97,23,22.2,20.8,15.3,20.1,24.4,14,17,20.4,3.4,0.242,8.7,44
Nuapada ,Odisha,73.42,21.61,23,22.2,20.8,15.3,21.4,23.6,14,17,20.4,3.4,0.242,8.7,45.3
Kalahandi ,Odisha,73.61,22.01,23,22.2,20.8,15.3,26.4,26.2,14,17,20.4,3.4,0.242,8.7,48.6
Rayagada ,Odisha,73.42,21.77,23,22.2,20.8,15.3,19.5,25.1,14,17,20.4,3.4,0.242,8.7,45.5
Nabarangapur ,Odisha,71.74,19.86,23,22.2,20.8,15.3,20.8,22.6,14,17,20.4,3.4,0.242,8.7,48.4
Koraput ,Odisha,72.26,20.15,23,22.2,20.8,15.3,21.1,24.5,14,17,20.4,3.4,0.242,8.7,54.6
Malkangiri ,Odisha,70.93,19.16,23,22.2,20.8,15.3,17.1,20.7,14,17,20.4,3.4,0.242,8.7,47
Yanam ,Puducherry,79.31,24.62,46.3,37.1,20.8,15.3,32.2,33.3,14,17,20.4,3.4,0.242,8.7,29.2
Puducherry ,Puducherry,79.82,27.1,46.3,37.1,9,11.1,22.7,31.1,20.1,21.7,40.6,11.1,0.292,45.7,31.3
Mahe ,Puducherry,80.52,30.34,46.3,37.1,9,11.1,33.3,37.7,20.1,21.7,40.6,11.1,0.292,45.7,23.6
Karaikal ,Puducherry,78.53,26.54,46.3,37.1,9,11.1,20.5,24.4,20.1,21.7,40.6,11.1,0.292,45.7,26.9
Kapurthala ,Punjab,75.92,23.51,28.3,32.4,9,11.1,32.3,36.2,20.1,21.7,40.6,11.1,0.292,45.7,20.7
Jalandhar ,Punjab,76.81,24.47,28.3,32.4,12.7,12.5,32.5,37.5,14.7,14.1,42.8,10,0.134,60.6,25.9
Hoshiarpur ,Punjab,76.27,24.73,28.3,32.4,12.7,12.5,35.9,43,14.7,14.1,42.8,10,0.134,60.6,27.7
Shahid Bhagat Singh Nagar ,Punjab,76.13,24.23,28.3,32.4,12.7,12.5,32.7,42.8,14.7,14.1,42.8,10,0.134,60.6,23.3
Fatehgarh Sahib ,Punjab,76.18,23.82,28.3,32.4,12.7,12.5,31.8,35.1,14.7,14.1,42.8,10,0.134,60.6,35.1
Ludhiana ,Punjab,77.58,24.81,28.3,32.4,12.7,12.5,26.3,32.2,14.7,14.1,42.8,10,0.134,60.6,25.2
Moga ,Punjab,75.49,23.23,28.3,32.4,12.7,12.5,31.2,35.3,14.7,14.1,42.8,10,0.134,60.6,23.7
Muktsar ,Punjab,75.21,22.83,28.3,32.4,12.7,12.5,24.4,32,14.7,14.1,42.8,10,0.134,60.6,23.9
Faridkot ,Punjab,75.76,23.42,28.3,32.4,12.7,12.5,26.1,35.4,14.7,14.1,42.8,10,0.134,60.6,20.4
Bathinda ,Punjab,75.28,22.85,28.3,32.4,12.7,12.5,32.2,45.1,14.7,14.1,42.8,10,0.134,60.6,20.1
Mansa ,Punjab,74.55,22.23,28.3,32.4,12.7,12.5,30.2,42.2,14.7,14.1,42.8,10,0.134,60.6,18.4
Patiala ,Punjab,76.54,24.38,28.3,32.4,12.7,12.5,28.7,34.3,14.7,14.1,42.8,10,0.134,60.6,33.8
Amritsar ,Punjab,76.31,24.42,28.3,32.4,12.7,12.5,35.9,43,14.7,14.1,42.8,10,0.134,60.6,26.2
Tarn Taran ,Punjab,75.24,22.96,28.3,32.4,12.7,12.5,31.1,36.1,14.7,14.1,42.8,10,0.134,60.6,25
Rupnagar ,Punjab,76.1,23.94,28.3,32.4,12.7,12.5,27.2,31.9,14.7,14.1,42.8,10,0.134,60.6,37.8
Sahibzada Ajit Singh Nagar ,Punjab,78.13,24.96,28.3,32.4,12.7,12.5,27.7,34,14.7,14.1,42.8,10,0.134,60.6,31
Sangrur ,Punjab,75.87,23.23,28.3,32.4,12.7,12.5,32.9,41.8,14.7,14.1,42.8,10,0.134,60.6,18.7
Barnala ,Punjab,75.58,23.24,28.3,32.4,12.7,12.5,32.8,40,14.7,14.1,42.8,10,0.134,60.6,20.7
Fazilka ,Punjab,75.29,22.68,28.3,32.4,12.7,12.5,27.9,36.2,14.7,14.1,42.8,10,0.134,60.6,20.6
Firozpur ,Punjab,75.29,22.68,28.3,32.4,12.7,12.5,29.7,33.9,14.7,14.1,42.8,10,0.134,60.6,21
Gurdaspur ,Punjab,76.15,24.08,28.3,32.4,12.7,12.5,36.8,39.2,14.7,14.1,42.8,10,0.134,60.6,23.5
Pathankot ,Punjab,76.15,24.08,28.3,32.4,12.7,12.5,33,32.5,14.7,14.1,42.8,10,0.134,60.6,27
Ganganagar ,Rajasthan,74.96,22.56,20.8,15,12.7,12.5,16.2,18.3,14.7,14.1,42.8,10,0.134,60.6,85.3
Hanumangarh ,Rajasthan,74.45,22.24,20.8,15,19.6,14,20,22.6,7.2,8.9,12,2,0.215,21.6,89
Bikaner ,Rajasthan,75.29,22.99,20.8,15,19.6,14,12,11.8,7.2,8.9,12,2,0.215,21.6,87.4
Churu ,Rajasthan,74.98,22.89,20.8,15,19.6,14,21.2,25.4,7.2,8.9,12,2,0.215,21.6,81.9
Jhunjhunun ,Rajasthan,75.73,23.43,20.8,15,19.6,14,20.7,25.6,7.2,8.9,12,2,0.215,21.6,86.1
Alwar ,Rajasthan,73.89,21.79,20.8,15,19.6,14,20.3,25.8,7.2,8.9,12,2,0.215,21.6,80.8
Bharatpur ,Rajasthan,73.34,21.23,20.8,15,19.6,14,19.1,23.6,7.2,8.9,12,2,0.215,21.6,84.8
Dhaulpur ,Rajasthan,72.26,20.47,20.8,15,19.6,14,13.4,15.1,7.2,8.9,12,2,0.215,21.6,89
Karauli ,Rajasthan,71.95,20.08,20.8,15,19.6,14,10.6,13.2,7.2,8.9,12,2,0.215,21.6,86.4
Sawai Madhopur ,Rajasthan,73.41,21.61,20.8,15,19.6,14,15.4,19.8,7.2,8.9,12,2,0.215,21.6,80.5
Dausa ,Rajasthan,73.54,21.57,20.8,15,19.6,14,12.2,16.1,7.2,8.9,12,2,0.215,21.6,91.2
Jaipur ,Rajasthan,76.54,23.59,20.8,15,19.6,14,14.7,16.5,7.2,8.9,12,2,0.215,21.6,81.5
Sikar ,Rajasthan,75.69,23.26,20.8,15,19.6,14,19.4,22,7.2,8.9,12,2,0.215,21.6,82.4
Nagaur ,Rajasthan,74.94,22.75,20.8,15,19.6,14,15.6,17.5,7.2,8.9,12,2,0.215,21.6,90
Jodhpur ,Rajasthan,76.21,23.63,20.8,15,19.6,14,13.1,16.5,7.2,8.9,12,2,0.215,21.6,87.5
Jaisalmer ,Rajasthan,75.14,21.99,20.8,15,19.6,14,9.7,15.8,7.2,8.9,12,2,0.215,21.6,93.7
Barmer ,Rajasthan,73.49,21.14,20.8,15,19.6,14,8.5,10.9,7.2,8.9,12,2,0.215,21.6,97.8
Jalor ,Rajasthan,73.15,21.26,20.8,15,19.6,14,10.4,11.5,7.2,8.9,12,2,0.215,21.6,96.6
Sirohi ,Rajasthan,74.96,23.4,20.8,15,19.6,14,14.2,18.7,7.2,8.9,12,2,0.215,21.6,92
Pali ,Rajasthan,75.4,23.53,20.8,15,19.6,14,13,16.5,7.2,8.9,12,2,0.215,21.6,96.2
Ajmer ,Rajasthan,76.15,24.32,20.8,15,19.6,14,14.5,13.1,7.2,8.9,12,2,0.215,21.6,88.7
Tonk ,Rajasthan,73.66,21.77,20.8,15,19.6,14,16.7,20.1,7.2,8.9,12,2,0.215,21.6,84.5
Bundi ,Rajasthan,74.51,22.67,20.8,15,19.6,14,17.2,19,7.2,8.9,12,2,0.215,21.6,87.7
Bhilwara ,Rajasthan,74.14,22.41,20.8,15,19.6,14,15.4,15.7,7.2,8.9,12,2,0.215,21.6,89.1
Rajsamand ,Rajasthan,74.95,23.36,20.8,15,19.6,14,15.1,15.4,7.2,8.9,12,2,0.215,21.6,93.2
Dungarpur ,Rajasthan,73.27,21.84,20.8,15,19.6,14,12.9,14.9,7.2,8.9,12,2,0.215,21.6,97.5
Banswara ,Rajasthan,71.74,20.03,20.8,15,19.6,14,17.1,19.4,7.2,8.9,12,2,0.215,21.6,84.2
Chittaurgarh ,Rajasthan,74.94,23.16,20.8,15,19.6,14,18.3,21.1,7.2,8.9,12,2,0.215,21.6,90.6
Kota ,Rajasthan,77.58,24.49,20.8,15,19.6,14,15.9,20.2,7.2,8.9,12,2,0.215,21.6,80.9
Baran ,Rajasthan,73.94,21.99,20.8,15,19.6,14,12.6,15.6,7.2,8.9,12,2,0.215,21.6,89.5
Jhalawar ,Rajasthan,73.84,21.88,20.8,15,19.6,14,15,17.3,7.2,8.9,12,2,0.215,21.6,93.6
Udaipur ,Rajasthan,73.42,21.55,20.8,15,19.6,14,14.4,16.5,7.2,8.9,12,2,0.215,21.6,94.3
Pratapgarh ,Rajasthan,72.71,20.73,20.8,15,19.6,14,16.5,18.7,7.2,8.9,12,2,0.215,21.6,84.5
North  District ,Sikkim,72.48,21.41,34.8,36.3,19.6,14,39,47.7,7.2,8.9,12,2,0.215,21.6,24.5
West District ,Sikkim,76.19,23.85,34.8,36.3,5.8,4.9,32.7,45.1,12.2,15.7,28.8,2.3,0.634,32.8,19.9
South District ,Sikkim,76.24,23.95,34.8,36.3,5.8,4.9,41,49.6,12.2,15.7,28.8,2.3,0.634,32.8,20.8
East District ,Sikkim,78.23,24.96,34.8,36.3,5.8,4.9,31.6,34.2,12.2,15.7,28.8,2.3,0.634,32.8,29.9
Thiruvallur ,Tamil Nadu,79.16,26.77,40.5,32.6,5.8,4.9,26.4,32.4,12.2,15.7,28.8,2.3,0.634,32.8,57.4
Chennai ,Tamil Nadu,81.16,28.61,40.5,32.6,12.6,12.1,28.8,33.2,20.7,22.1,34.5,8,0.187,24.6,58.2
Kancheepuram ,Tamil Nadu,78.69,26.31,40.5,32.6,12.6,12.1,24.3,32,20.7,22.1,34.5,8,0.187,24.6,59.7
Vellore ,Tamil Nadu,77.92,27.02,40.5,32.6,12.6,12.1,25.9,25.6,20.7,22.1,34.5,8,0.187,24.6,71.4
Tiruvannamalai ,Tamil Nadu,76.78,25.96,40.5,32.6,12.6,12.1,19.2,25.8,20.7,22.1,34.5,8,0.187,24.6,69.6
Viluppuram ,Tamil Nadu,76.59,25.43,40.5,32.6,12.6,12.1,19,26.1,20.7,22.1,34.5,8,0.187,24.6,77.6
Salem ,Tamil Nadu,77.72,26.76,40.5,32.6,12.6,12.1,26.6,34,20.7,22.1,34.5,8,0.187,24.6,67.5
Namakkal ,Tamil Nadu,77.96,27.13,40.5,32.6,12.6,12.1,25.6,31.5,20.7,22.1,34.5,8,0.187,24.6,68.8
Erode ,Tamil Nadu,78.18,27.34,40.5,32.6,12.6,12.1,29.5,36.1,20.7,22.1,34.5,8,0.187,24.6,77.7
The Nilgiris ,Tamil Nadu,80.08,30.34,40.5,32.6,12.6,12.1,34.2,32.9,20.7,22.1,34.5,8,0.187,24.6,74.5
Dindigul ,Tamil Nadu,77.67,26.96,40.5,32.6,12.6,12.1,25.7,34.2,20.7,22.1,34.5,8,0.187,24.6,71.9
Karur ,Tamil Nadu,77.9,27.11,40.5,32.6,12.6,12.1,24.1,29.1,20.7,22.1,34.5,8,0.187,24.6,74.6
Tiruchirappalli ,Tamil Nadu,78.36,27.46,40.5,32.6,12.6,12.1,21.4,28.9,20.7,22.1,34.5,8,0.187,24.6,67.8
Perambalur ,Tamil Nadu,75.42,24.48,40.5,32.6,12.6,12.1,19.8,26.1,20.7,22.1,34.5,8,0.187,24.6,75.5
Ariyalur ,Tamil Nadu,75.61,24.69,40.5,32.6,12.6,12.1,20.6,27.5,20.7,22.1,34.5,8,0.187,24.6,71.1
Cuddalore ,Tamil Nadu,76.99,26.02,40.5,32.6,12.6,12.1,20.1,27,20.7,22.1,34.5,8,0.187,24.6,64.4
Nagapattinam ,Tamil Nadu,77.3,26.47,40.5,32.6,12.6,12.1,24.5,32.1,20.7,22.1,34.5,8,0.187,24.6,70.9
Thiruvarur ,Tamil Nadu,77.1,26.35,40.5,32.6,12.6,12.1,23.8,31,20.7,22.1,34.5,8,0.187,24.6,75.2
Thanjavur ,Tamil Nadu,77.32,26.75,40.5,32.6,12.6,12.1,28.8,34.6,20.7,22.1,34.5,8,0.187,24.6,70.6
Pudukkottai ,Tamil Nadu,76.71,26.11,40.5,32.6,12.6,12.1,23,30.2,20.7,22.1,34.5,8,0.187,24.6,72.9
Sivaganga ,Tamil Nadu,77.17,26.69,40.5,32.6,12.6,12.1,22,26,20.7,22.1,34.5,8,0.187,24.6,67.7
Madurai ,Tamil Nadu,78.31,27.24,40.5,32.6,12.6,12.1,25.6,31.8,20.7,22.1,34.5,8,0.187,24.6,66.3
Theni ,Tamil Nadu,77.66,26.85,40.5,32.6,12.6,12.1,28.7,35.6,20.7,22.1,34.5,8,0.187,24.6,67.4
Virudhunagar ,Tamil Nadu,77.54,26.77,40.5,32.6,12.6,12.1,20.2,22.9,20.7,22.1,34.5,8,0.187,24.6,51.3
Ramanathapuram ,Tamil Nadu,77.61,26.75,40.5,32.6,12.6,12.1,23.3,28.2,20.7,22.1,34.5,8,0.187,24.6,69.7
Thoothukkudi ,Tamil Nadu,78.07,27.29,40.5,32.6,12.6,12.1,24.5,28.2,20.7,22.1,34.5,8,0.187,24.6,57.8
Tirunelveli ,Tamil Nadu,77.63,26.88,40.5,32.6,12.6,12.1,22.1,25.5,20.7,22.1,34.5,8,0.187,24.6,61.3
Kanniyakumari ,Tamil Nadu,79.08,29.13,40.5,32.6,12.6,12.1,24.4,30.2,20.7,22.1,34.5,8,0.187,24.6,64.1
Dharmapuri ,Tamil Nadu,75.64,24.23,40.5,32.6,12.6,12.1,25.8,30.8,20.7,22.1,34.5,8,0.187,24.6,75.5
Krishnagiri ,Tamil Nadu,76.77,24.81,40.5,32.6,12.6,12.1,23.5,25.3,20.7,22.1,34.5,8,0.187,24.6,73.6
Coimbatore ,Tamil Nadu,80.2,28.18,40.5,32.6,12.6,12.1,29.2,33.3,20.7,22.1,34.5,8,0.187,24.6,61
Tiruppur ,Tamil Nadu,80.12,28.15,40.5,32.6,12.6,12.1,26.8,28.9,20.7,22.1,34.5,8,0.187,24.6,59.9
Adilabad ,Telangana,74.77,22.75,30.1,32.4,12.6,12.1,23.1,26.4,20.7,22.1,34.5,8,0.187,24.6,63.6
Bhadradri Kothagudem ,Telangana,73.84,21.48,30.1,32.4,18.8,16.3,29.6,30.1,14.7,18.1,20.6,6.5,0.242,22.2,59.4
Hyderabad ,Telangana,81.42,26.47,30.1,32.4,18.8,16.3,30.2,41.7,14.7,18.1,20.6,6.5,0.242,22.2,48.9
Jagitial ,Telangana,75.46,24,30.1,32.4,18.8,16.3,25.5,31.3,14.7,18.1,20.6,6.5,0.242,22.2,59.2
Jangoan ,Telangana,74.31,22.25,30.1,32.4,18.8,16.3,26.1,29,14.7,18.1,20.6,6.5,0.242,22.2,71.7
Jayashankar Bhupalapally ,Telangana,72.93,20.47,30.1,32.4,18.8,16.3,28.4,31.5,14.7,18.1,20.6,6.5,0.242,22.2,71.5
Jogulamba Gadwal ,Telangana,74,22.01,30.1,32.4,18.8,16.3,21.5,29.7,14.7,18.1,20.6,6.5,0.242,22.2,61.8
Kamareddy ,Telangana,74.2,22.14,30.1,32.4,18.8,16.3,27.7,29.1,14.7,18.1,20.6,6.5,0.242,22.2,66.5
Karimnagar ,Telangana,75.76,24.18,30.1,32.4,18.8,16.3,25,34.7,14.7,18.1,20.6,6.5,0.242,22.2,58.6
Khammam ,Telangana,75.25,22.68,30.1,32.4,18.8,16.3,27.6,30.8,14.7,18.1,20.6,6.5,0.242,22.2,60.4
Komaram Bheem Asifabad ,Telangana,72.23,19.82,30.1,32.4,18.8,16.3,21.8,27.2,14.7,18.1,20.6,6.5,0.242,22.2,63.6
Mahabubabad ,Telangana,72.63,20.35,30.1,32.4,18.8,16.3,21.9,28.8,14.7,18.1,20.6,6.5,0.242,22.2,69.3
Mahabubnagar ,Telangana,74.77,22.84,30.1,32.4,18.8,16.3,24.2,26.5,14.7,18.1,20.6,6.5,0.242,22.2,70.3
Mancherial ,Telangana,75.43,23.36,30.1,32.4,18.8,16.3,27.9,32,14.7,18.1,20.6,6.5,0.242,22.2,64.4
Medak ,Telangana,75.12,22.95,30.1,32.4,18.8,16.3,26.7,28.9,14.7,18.1,20.6,6.5,0.242,22.2,61.2
Medchal-Malkajgiri ,Telangana,81.18,26.06,30.1,32.4,18.8,16.3,26.5,34.8,14.7,18.1,20.6,6.5,0.242,22.2,53.8
Nagarkurnool ,Telangana,74.24,22.18,30.1,32.4,18.8,16.3,24.6,27.3,14.7,18.1,20.6,6.5,0.242,22.2,68.6
Nalgonda ,Telangana,75.65,23.82,30.1,32.4,18.8,16.3,19.6,25.7,14.7,18.1,20.6,6.5,0.242,22.2,64.8
Nirmal ,Telangana,74.45,22.42,30.1,32.4,18.8,16.3,25.1,28.5,14.7,18.1,20.6,6.5,0.242,22.2,49.9
Nizamabad ,Telangana,74.49,22.47,30.1,32.4,18.8,16.3,27.1,31.2,14.7,18.1,20.6,6.5,0.242,22.2,52.3
Peddapalli ,Telangana,75.92,24.32,30.1,32.4,18.8,16.3,27.7,34.7,14.7,18.1,20.6,6.5,0.242,22.2,59.1
Rajanna Sircilla ,Telangana,75.48,23.95,30.1,32.4,18.8,16.3,30.2,36,14.7,18.1,20.6,6.5,0.242,22.2,62.8
Ranga Reddy ,Telangana,79.01,24.96,30.1,32.4,18.8,16.3,28.5,35,14.7,18.1,20.6,6.5,0.242,22.2,58.3
Sangareddy ,Telangana,75.87,23.49,30.1,32.4,18.8,16.3,25.7,32.6,14.7,18.1,20.6,6.5,0.242,22.2,58.1
Siddipet ,Telangana,74.89,22.78,30.1,32.4,18.8,16.3,26.6,36.9,14.7,18.1,20.6,6.5,0.242,22.2,60.9
Suryapet ,Telangana,75.31,23.41,30.1,32.4,18.8,16.3,25.2,27.3,14.7,18.1,20.6,6.5,0.242,22.2,63.1
Vikarabad ,Telangana,74.4,22.24,30.1,32.4,18.8,16.3,27,30.3,14.7,18.1,20.6,6.5,0.242,22.2,59.6
Wanaparthy ,Telangana,74.24,22.18,30.1,32.4,18.8,16.3,22.5,25.5,14.7,18.1,20.6,6.5,0.242,22.2,70.1
Warangal Rural ,Telangana,73.84,21.57,30.1,32.4,18.8,16.3,26.3,29.4,14.7,18.1,20.6,6.5,0.242,22.2,72
Warangal Urban ,Telangana,77.52,24.51,30.1,32.4,18.8,16.3,24.5,32.7,14.7,18.1,20.6,6.5,0.242,22.2,62
Yadadri Bhuvanagiri ,Telangana,75.16,23.17,30.1,32.4,18.8,16.3,24.8,32.3,14.7,18.1,20.6,6.5,0.242,22.2,65.3
Dhalai ,Tripura,72.43,20.67,23.5,23.5,18.8,16.3,14.5,17.4,14.7,18.1,20.6,6.5,0.242,22.2,44.2
Gomati ,Tripura,75.11,23,23.5,23.5,16.2,12.4,19.8,21.4,17.7,19.3,13.7,1.2,0.352,2.5,29.9
Khowai ,Tripura,74.52,22.49,23.5,23.5,16.2,12.4,19,21.4,17.7,19.3,13.7,1.2,0.352,2.5,44.1
North Tripura ,Tripura,74.96,22.89,23.5,23.5,16.2,12.4,18.8,19.3,17.7,19.3,13.7,1.2,0.352,2.5,28.7
Sepahijala ,Tripura,74.52,22.49,23.5,23.5,16.2,12.4,19.3,19.9,17.7,19.3,13.7,1.2,0.352,2.5,31.6
South Tripura ,Tripura,75.31,23.27,23.5,23.5,16.2,12.4,22.4,24.2,17.7,19.3,13.7,1.2,0.352,2.5,37.3
Unakoti ,Tripura,75.52,23.42,23.5,23.5,16.2,12.4,21,22.1,17.7,19.3,13.7,1.2,0.352,2.5,28
West Tripura ,Tripura,77.83,25.26,23.5,23.5,16.2,12.4,25.1,27.1,17.7,19.3,13.7,1.2,0.352,2.5,28.1
Saharanpur ,Uttar Pradesh,72.36,20.25,21.4,18.5,16.2,12.4,23,24.3,17.7,19.3,13.7,1.2,0.352,2.5,11.8
Bijnor ,Uttar Pradesh,72.31,20.15,21.4,18.5,19,18,19.7,24.3,9.8,12.2,17.6,4,0.219,17.8,18.8
Rampur ,Uttar Pradesh,71.86,19.64,21.4,18.5,19,18,17.7,21,9.8,12.2,17.6,4,0.219,17.8,13.1
Jyotiba Phule Nagar ,Uttar Pradesh,72.48,20.32,21.4,18.5,19,18,19.1,24.6,9.8,12.2,17.6,4,0.219,17.8,8.3
Meerut ,Uttar Pradesh,74.49,21.72,21.4,18.5,19,18,20,26.2,9.8,12.2,17.6,4,0.219,17.8,18.4
Baghpat ,Uttar Pradesh,74.05,21.5,21.4,18.5,19,18,21.4,25.5,9.8,12.2,17.6,4,0.219,17.8,12.5
Gautam Buddha Nagar ,Uttar Pradesh,78.2,23.86,21.4,18.5,19,18,16.4,20.9,9.8,12.2,17.6,4,0.219,17.8,23.8
Bulandshahr ,Uttar Pradesh,73.53,21.13,21.4,18.5,19,18,21.2,26.2,9.8,12.2,17.6,4,0.219,17.8,20.5
Aligarh ,Uttar Pradesh,74.19,21.79,21.4,18.5,19,18,18.2,22,9.8,12.2,17.6,4,0.219,17.8,17.6
Mahamaya Nagar ,Uttar Pradesh,73.74,21.5,21.4,18.5,19,18,22.4,26.4,9.8,12.2,17.6,4,0.219,17.8,10.9
Mathura ,Uttar Pradesh,74.37,22.24,21.4,18.5,19,18,21.1,25.4,9.8,12.2,17.6,4,0.219,17.8,10.8
Agra ,Uttar Pradesh,74.88,22.68,21.4,18.5,19,18,16.8,20.9,9.8,12.2,17.6,4,0.219,17.8,9.4
Firozabad ,Uttar Pradesh,74.41,22.2,21.4,18.5,19,18,18.1,20.5,9.8,12.2,17.6,4,0.219,17.8,13.4
Mainpuri ,Uttar Pradesh,74.05,21.84,21.4,18.5,19,18,14.4,17.9,9.8,12.2,17.6,4,0.219,17.8,16.1
Bareilly ,Uttar Pradesh,73.91,21.54,21.4,18.5,19,18,16.4,17.6,9.8,12.2,17.6,4,0.219,17.8,18.7
Pilibhit ,Uttar Pradesh,72.63,20.65,21.4,18.5,19,18,19.5,17.5,9.8,12.2,17.6,4,0.219,17.8,21.4
Shahjahanpur ,Uttar Pradesh,73.18,20.93,21.4,18.5,19,18,16.1,14.5,9.8,12.2,17.6,4,0.219,17.8,14.2
Kheri ,Uttar Pradesh,72.24,20.13,21.4,18.5,19,18,20.1,22.4,9.8,12.2,17.6,4,0.219,17.8,22
Sitapur ,Uttar Pradesh,72.76,20.73,21.4,18.5,19,18,17.8,23,9.8,12.2,17.6,4,0.219,17.8,23.2
Hardoi ,Uttar Pradesh,72.93,20.89,21.4,18.5,19,18,18.1,19.9,9.8,12.2,17.6,4,0.219,17.8,16
Unnao ,Uttar Pradesh,73.66,21.43,21.4,18.5,19,18,22,21.4,9.8,12.2,17.6,4,0.219,17.8,15.3
Lucknow ,Uttar Pradesh,77.1,24.15,21.4,18.5,19,18,21.2,22.8,9.8,12.2,17.6,4,0.219,17.8,15.8
Farrukhabad ,Uttar Pradesh,73.92,21.71,21.4,18.5,19,18,13.8,14.8,9.8,12.2,17.6,4,0.219,17.8,13.5
Kannauj ,Uttar Pradesh,73.55,21.42,21.4,18.5,19,18,14.9,14.4,9.8,12.2,17.6,4,0.219,17.8,15.3
Etawah ,Uttar Pradesh,74.35,22.13,21.4,18.5,19,18,16.7,19.7,9.8,12.2,17.6,4,0.219,17.8,17.9
Auraiya ,Uttar Pradesh,74.32,22.09,21.4,18.5,19,18,20,22.1,9.8,12.2,17.6,4,0.219,17.8,18.4
Kanpur Dehat ,Uttar Pradesh,74.4,22.18,21.4,18.5,19,18,12.6,16.5,9.8,12.2,17.6,4,0.219,17.8,17.9
Kanpur Nagar ,Uttar Pradesh,77.18,24.31,21.4,18.5,19,18,17.3,16.2,9.8,12.2,17.6,4,0.219,17.8,16.1
Jalaun ,Uttar Pradesh,74.43,22.2,21.4,18.5,19,18,16.8,20,9.8,12.2,17.6,4,0.219,17.8,17.6
Jhansi ,Uttar Pradesh,75.28,22.98,21.4,18.5,19,18,15.7,17.3,9.8,12.2,17.6,4,0.219,17.8,11.4
Lalitpur ,Uttar Pradesh,72.84,21.4,21.4,18.5,19,18,17.2,17.9,9.8,12.2,17.6,4,0.219,17.8,11.7
Hamirpur ,Uttar Pradesh,72.97,21.12,21.4,18.5,19,18,16.7,18.8,9.8,12.2,17.6,4,0.219,17.8,21.9
Mahoba ,Uttar Pradesh,72.74,21.03,21.4,18.5,19,18,15,15.7,9.8,12.2,17.6,4,0.219,17.8,16.2
Banda ,Uttar Pradesh,72.98,21.07,21.4,18.5,19,18,20.1,18.9,9.8,12.2,17.6,4,0.219,17.8,13.3
Chitrakoot ,Uttar Pradesh,71.49,19.53,21.4,18.5,19,18,15.1,16.4,9.8,12.2,17.6,4,0.219,17.8,17.4
Fatehpur ,Uttar Pradesh,73.3,21.18,21.4,18.5,19,18,17,18,9.8,12.2,17.6,4,0.219,17.8,16.8
Pratapgarh ,Uttar Pradesh,72.99,20.98,21.4,18.5,19,18,17.6,22.3,9.8,12.2,17.6,4,0.219,17.8,14.9
Kaushambi ,Uttar Pradesh,72.77,20.74,21.4,18.5,19,18,9.4,10,9.8,12.2,17.6,4,0.219,17.8,20.2
Allahabad ,Uttar Pradesh,73.84,21.58,21.4,18.5,19,18,12.6,17.7,9.8,12.2,17.6,4,0.219,17.8,20.6
Bara Banki ,Uttar Pradesh,72.93,20.85,21.4,18.5,19,18,19.1,22.7,9.8,12.2,17.6,4,0.219,17.8,14.6
Faizabad ,Uttar Pradesh,74.1,21.99,21.4,18.5,19,18,14.9,17.7,9.8,12.2,17.6,4,0.219,17.8,19.8
Ambedkar Nagar ,Uttar Pradesh,73.74,21.59,21.4,18.5,19,18,17.2,22,9.8,12.2,17.6,4,0.219,17.8,23
Bahraich ,Uttar Pradesh,70.08,18.73,21.4,18.5,19,18,24.2,28.7,9.8,12.2,17.6,4,0.219,17.8,10.1
Shrawasti ,Uttar Pradesh,68.96,18.06,21.4,18.5,19,18,18.4,18.7,9.8,12.2,17.6,4,0.219,17.8,13.5
Balrampur ,Uttar Pradesh,71.18,19.49,21.4,18.5,19,18,23.2,25.3,9.8,12.2,17.6,4,0.219,17.8,13
Gonda ,Uttar Pradesh,72.33,20.31,21.4,18.5,19,18,22.9,28.6,9.8,12.2,17.6,4,0.219,17.8,13.4
Siddharthnagar ,Uttar Pradesh,72.19,20.17,21.4,18.5,19,18,19.1,23.5,9.8,12.2,17.6,4,0.219,17.8,12.2
Basti ,Uttar Pradesh,73.19,21.08,21.4,18.5,19,18,19.2,25,9.8,12.2,17.6,4,0.219,17.8,15.8
Sant Kabir Nagar ,Uttar Pradesh,72.99,20.94,21.4,18.5,19,18,22.5,28.2,9.8,12.2,17.6,4,0.219,17.8,20.4
Mahrajganj ,Uttar Pradesh,72.66,20.48,21.4,18.5,19,18,19.6,24.9,9.8,12.2,17.6,4,0.219,17.8,18.2
Gorakhpur ,Uttar Pradesh,73.98,21.67,21.4,18.5,19,18,16.8,20.7,9.8,12.2,17.6,4,0.219,17.8,17.9
Kushinagar ,Uttar Pradesh,72.28,20.11,21.4,18.5,19,18,16.4,21.9,9.8,12.2,17.6,4,0.219,17.8,15.6
Deoria ,Uttar Pradesh,73.17,21.1,21.4,18.5,19,18,17.6,21,9.8,12.2,17.6,4,0.219,17.8,10.5
Azamgarh ,Uttar Pradesh,73.7,21.56,21.4,18.5,19,18,19.4,28.7,9.8,12.2,17.6,4,0.219,17.8,9
Mau ,Uttar Pradesh,73.93,21.68,21.4,18.5,19,18,23.9,29.9,9.8,12.2,17.6,4,0.219,17.8,16
Ballia ,Uttar Pradesh,72.99,20.98,21.4,18.5,19,18,17.1,20.7,9.8,12.2,17.6,4,0.219,17.8,10.6
Jaunpur ,Uttar Pradesh,74.15,21.96,21.4,18.5,19,18,16,19.7,9.8,12.2,17.6,4,0.219,17.8,12
Ghazipur ,Uttar Pradesh,72.93,20.85,21.4,18.5,19,18,14.2,20.3,9.8,12.2,17.6,4,0.219,17.8,10.6
Chandauli ,Uttar Pradesh,73.09,20.99,21.4,18.5,19,18,18.9,23.6,9.8,12.2,17.6,4,0.219,17.8,28.1
Varanasi ,Uttar Pradesh,75.21,22.69,21.4,18.5,19,18,19,27.1,9.8,12.2,17.6,4,0.219,17.8,12.8
Sant Ravidas Nagar (Bhadohi) ,Uttar Pradesh,73.81,21.63,21.4,18.5,19,18,14.9,23,9.8,12.2,17.6,4,0.219,17.8,18.8
Mirzapur ,Uttar Pradesh,73.5,21.32,21.4,18.5,19,18,21.7,29,9.8,12.2,17.6,4,0.219,17.8,15
Sonbhadra ,Uttar Pradesh,72.26,20.08,21.4,18.5,19,18,19,21.4,9.8,12.2,17.6,4,0.219,17.8,19.7
Etah ,Uttar Pradesh,74.07,21.84,21.4,18.5,19,18,16.4,19.2,9.8,12.2,17.6,4,0.219,17.8,12.8
Kanshiram Nagar ,Uttar Pradesh,73.2,20.98,21.4,18.5,19,18,16.5,19.5,9.8,12.2,17.6,4,0.219,17.8,15.1
Amethi ,Uttar Pradesh,74.13,21.97,21.4,18.5,19,18,19.2,21.2,9.8,12.2,17.6,4,0.219,17.8,20.9
Budaun ,Uttar Pradesh,72.69,20.66,21.4,18.5,19,18,13,13.8,9.8,12.2,17.6,4,0.219,17.8,13.6
Ghaziabad ,Uttar Pradesh,77.58,23.27,21.4,18.5,19,18,19.3,24.5,9.8,12.2,17.6,4,0.219,17.8,20
Hapur ,Uttar Pradesh,74.49,21.72,21.4,18.5,19,18,22.9,25.7,9.8,12.2,17.6,4,0.219,17.8,14.9
Moradabad ,Uttar Pradesh,73.81,21.36,21.4,18.5,19,18,21.3,25.6,9.8,12.2,17.6,4,0.219,17.8,17.1
Muzaffarnagar ,Uttar Pradesh,73.33,20.95,21.4,18.5,19,18,21.6,24.2,9.8,12.2,17.6,4,0.219,17.8,8.2
Rae Bareli ,Uttar Pradesh,73.89,21.63,21.4,18.5,19,18,19.4,17.9,9.8,12.2,17.6,4,0.219,17.8,16.8
Sambhal ,Uttar Pradesh,72.21,19.98,21.4,18.5,19,18,19.3,22.7,9.8,12.2,17.6,4,0.219,17.8,13.7
Shamli ,Uttar Pradesh,73.33,20.95,21.4,18.5,19,18,21.2,28.6,9.8,12.2,17.6,4,0.219,17.8,14.8
Sultanpur ,Uttar Pradesh,74.13,21.97,21.4,18.5,19,18,20.6,24.3,9.8,12.2,17.6,4,0.219,17.8,20.7
Uttarkashi ,Uttarakhand,72.91,22.25,29.8,27.1,19,18,19,24.4,9.8,12.2,17.6,4,0.219,17.8,80.3
Chamoli ,Uttarakhand,74.2,23.36,29.8,27.1,13.9,16.2,19.7,28.5,10.8,14.2,27.1,5.2,0.134,33.6,71.1
Rudraprayag ,Uttarakhand,75.31,24.81,29.8,27.1,13.9,16.2,18.7,31.7,10.8,14.2,27.1,5.2,0.134,33.6,76.6
Tehri Garhwal ,Uttarakhand,74.04,23,29.8,27.1,13.9,16.2,20,34,10.8,14.2,27.1,5.2,0.134,33.6,71.2
Dehradun ,Uttarakhand,78.29,25.29,29.8,27.1,13.9,16.2,23.7,31.9,10.8,14.2,27.1,5.2,0.134,33.6,67.3
Garhwal ,Uttarakhand,75.39,24.16,29.8,27.1,13.9,16.2,22.1,34.3,10.8,14.2,27.1,5.2,0.134,33.6,62.7
Pithoragarh ,Uttarakhand,74.65,24.08,29.8,27.1,13.9,16.2,23.3,32.9,10.8,14.2,27.1,5.2,0.134,33.6,72.8
Bageshwar ,Uttarakhand,74.88,24.17,29.8,27.1,13.9,16.2,20.2,34.9,10.8,14.2,27.1,5.2,0.134,33.6,71.9
Almora ,Uttarakhand,75.22,24.78,29.8,27.1,13.9,16.2,24.6,33.2,10.8,14.2,27.1,5.2,0.134,33.6,66
Champawat ,Uttarakhand,74.62,22.95,29.8,27.1,13.9,16.2,19.9,29.7,10.8,14.2,27.1,5.2,0.134,33.6,65.7
Nainital ,Uttarakhand,76.54,24.32,29.8,27.1,13.9,16.2,24,30.4,10.8,14.2,27.1,5.2,0.134,33.6,60.8
Udham Singh Nagar ,Uttarakhand,74.68,22.22,29.8,27.1,13.9,16.2,22.2,30.2,10.8,14.2,27.1,5.2,0.134,33.6,59
Hardwar ,Uttarakhand,73.58,21.11,29.8,27.1,13.9,16.2,26.2,33.9,10.8,14.2,27.1,5.2,0.134,33.6,46.6
Darjiling ,West Bengal,76.99,24.96,22.7,16.2,13.9,16.2,29.2,29.5,10.8,14.2,27.1,5.2,0.134,33.6,26.3
Jalpaiguri ,West Bengal,74.19,21.92,22.7,16.2,14.8,15.1,21.2,23.7,17.5,21.3,22.4,1.3,0.239,7,35.8
Koch Bihar ,West Bengal,72.84,20.83,22.7,16.2,14.8,15.1,21.7,20.8,17.5,21.3,22.4,1.3,0.239,7,36
Uttar Dinajpur ,West Bengal,70.52,19.26,22.7,16.2,14.8,15.1,16.3,23.8,17.5,21.3,22.4,1.3,0.239,7,21
Dakshin Dinajpur ,West Bengal,73.08,21.52,22.7,16.2,14.8,15.1,17.6,16.2,17.5,21.3,22.4,1.3,0.239,7,28.3
Maldah ,West Bengal,71.18,19.68,22.7,16.2,14.8,15.1,19.3,17.8,17.5,21.3,22.4,1.3,0.239,7,29
Murshidabad ,West Bengal,73.13,21.43,22.7,16.2,14.8,15.1,18.7,16.3,17.5,21.3,22.4,1.3,0.239,7,28.4
Birbhum ,West Bengal,74.23,22.47,22.7,16.2,14.8,15.1,17.5,14.1,17.5,21.3,22.4,1.3,0.239,7,37.7
Nadia ,West Bengal,74.79,22.84,22.7,16.2,14.8,15.1,21.2,16,17.5,21.3,22.4,1.3,0.239,7,23
North Twenty Four Pargana ,West Bengal,78.23,25.24,22.7,16.2,14.8,15.1,19,17.1,17.5,21.3,22.4,1.3,0.239,7,30.7
Hugli ,West Bengal,76.96,24.77,22.7,16.2,14.8,15.1,24.1,26.7,17.5,21.3,22.4,1.3,0.239,7,26.5
Bankura ,West Bengal,74.33,22.42,22.7,16.2,14.8,15.1,21,20.3,17.5,21.3,22.4,1.3,0.239,7,43.4
Puruliya ,West Bengal,72.99,21.18,22.7,16.2,14.8,15.1,17.5,20.4,17.5,21.3,22.4,1.3,0.239,7,35.6
Haora ,West Bengal,78.58,25.75,22.7,16.2,14.8,15.1,24,26.8,17.5,21.3,22.4,1.3,0.239,7,20.1
Kolkata ,West Bengal,81.42,26.47,22.7,16.2,14.8,15.1,23.9,23.8,17.5,21.3,22.4,1.3,0.239,7,21.1
South Twenty Four Pargana ,West Bengal,75.87,22.75,22.7,16.2,14.8,15.1,21.5,19.1,17.5,21.3,22.4,1.3,0.239,7,36.7
Paschim Medinipur ,West Bengal,74.73,22.74,22.7,16.2,14.8,15.1,19.3,19,17.5,21.3,22.4,1.3,0.239,7,25.8
Purba Medinipur ,West Bengal,76.77,24.97,22.7,16.2,14.8,15.1,18.1,21.3,17.5,21.3,22.4,1.3,0.239,7,21.5
Paschim Barddhaman ,West Bengal,76.56,23.95,22.7,16.2,14.8,15.1,17.6,20.7,17.5,21.3,22.4,1.3,0.239,7,21.8
Purba Barddhaman ,West Bengal,75.4,23.34,22.7,16.2,14.8,15.1,21.2,18.4,17.5,21.3,22.4,1.3,0.239,7,37.2
,,,,,,14.8,15.1,,,17.5,21.3,22.4,1.3,0.239,7,
